net,length_um
net463,562.53µm
net390,513.21µm
net456,512.33µm
net296,478.46µm
net52,475.81µm
net38,448.43µm
net421,445.52µm
net373,444.07µm
net49,440.31µm
net43,438.45µm
net32,438.2µm
net175,430.06µm
net3,429.26µm
net58,419.66µm
net478,413.77µm
net335,410.71µm
net47,402.53µm
net11,401.34µm
net54,391.96µm
net53,388.37µm
net245,376.78µm
net62,376.57µm
net42,363.91µm
net319,359.74µm
net197,359.68µm
net554,357.12µm
net61,356.61µm
net167,355.51µm
net253,354.57µm
net27,351.27µm
net35,350.14µm
net37,341.09µm
net163,323.335µm
net313,321.45µm
net589,320.35µm
net329,317.43µm
net295,313.2µm
net382,308.49µm
net626,307.86µm
net218,306.61µm
net522,306.525µm
net321,304.02µm
net14,299.57µm
net225,290.22µm
net466,287.45µm
net33,285.71µm
net13,283.1µm
net55,282.86µm
net28,282.75µm
net341,281.66µm
net549,277.435µm
net16,274.46µm
net311,274.355µm
net233,274.03µm
net623,273.82µm
net26,273.22µm
net592,270.42µm
net538,269.55µm
_03267_,267.48µm
net336,264.64µm
net285,261.89µm
net632,259.98µm
net331,259.96µm
_03265_,259.84µm
net561,259.76µm
net395,259.57µm
net221,259.32µm
net316,258.76µm
net363,256.98µm
net424,256µm
net299,255.73µm
net614,251.56µm
net275,249.855µm
net293,249µm
net324,247.42µm
net430,245.86µm
net340,245.58µm
net64,244.62µm
net355,240.2µm
net555,239.95µm
net242,238.88µm
net263,238.66µm
net34,236.76µm
net264,235.41µm
_05070_,234.36µm
net305,233.44µm
net546,233.35µm
net248,232.86µm
net267,232.04µm
net1,231.64µm
net462,231.11µm
net553,230.52µm
net17,226.72µm
net314,223.58µm
net548,223.52µm
net575,222.72µm
net584,222.32µm
net51,219.78µm
net286,219.12µm
net281,217.6µm
net308,217.16µm
net183,216.7µm
net562,215.52µm
net449,214.12µm
net292,214.04µm
net251,213.32µm
net360,213µm
net506,212.88µm
net303,212.825µm
net273,212.11µm
net455,210.86µm
net280,210.77µm
net188,210.47µm
net445,209.045µm
net246,208.46µm
net502,208.34µm
net318,208.16µm
net288,206.98µm
net394,206.115µm
net481,205.61µm
net284,205.605µm
net352,204.74µm
net605,204.37µm
net307,203.46µm
net179,202.89µm
net178,202.2µm
net29,200.68µm
net252,200.18µm
net370,199.79µm
net523,198.01µm
net610,197.34µm
net326,197.16µm
net470,196.8µm
net312,196.21µm
net290,196.11µm
net192,195.375µm
net378,194.69µm
net169,194.56µm
net361,194.52µm
net402,194.4µm
net161,193.96µm
net409,193.47µm
net18,192.44µm
net417,192.31µm
net247,192.24µm
net371,191.8µm
net339,191.5µm
net243,190.05µm
net5,189.97µm
net349,188.29µm
net196,188.2µm
net539,187.72µm
net171,186.715µm
net220,186µm
net357,185.95µm
net631,185.21µm
net599,184.745µm
net567,184.49µm
net492,182.82µm
net170,180.38µm
net495,180.2µm
net365,179.82µm
net425,179.68µm
net621,179.6µm
net322,179.53µm
net57,178.3µm
net187,177.16µm
net298,177µm
net576,176.84µm
net404,176.74µm
net260,174.68µm
net379,174.18µm
net531,173.96µm
net403,173.58µm
net429,173.57µm
net569,173.46µm
net568,173.26µm
net283,171.84µm
net272,171.57µm
net200,171.36µm
net194,170.67µm
net354,169µm
net12,168.38µm
net362,166.785µm
net499,166.61µm
net250,166.24µm
net498,165.66µm
net333,165.61µm
net396,165.595µm
net606,165.42µm
net598,165.09µm
net484,164.72µm
net558,164.14µm
net356,163.4µm
net508,162.395µm
net297,162.355µm
net530,162.19µm
net582,160.06µm
net364,159.635µm
net213,159.02µm
net518,158.695µm
net306,157.6µm
net289,157.39µm
net216,157.1µm
net177,156.94µm
net496,156.93µm
net186,156.54µm
net310,156.35µm
net418,155.975µm
net10,155.59µm
net520,154.6µm
net627,154.06µm
net22,153.29µm
net443,153.11µm
net39,152.96µm
net388,152.8µm
net451,152.28µm
net191,152.06µm
net611,151.64µm
net488,151.6µm
net279,151.235µm
net590,151.23µm
net271,151.11µm
net337,150.98µm
net60,150.92µm
_02045_,150.78µm
net574,150.49µm
net205,150.34µm
net560,150.16µm
net249,149.78µm
net410,148.81µm
net601,148.56µm
net519,148.45µm
net458,148.34µm
net7,148.32µm
net304,148.1µm
_02044_,148µm
net450,147.665µm
net375,147µm
net59,146.5µm
net392,146.18µm
net579,145.87µm
net521,145.58µm
net608,144.735µm
net465,143.14µm
net487,142µm
net282,141.74µm
net385,141.7µm
net195,139.78µm
net8,139.34µm
net406,138.96µm
net44,138.84µm
net513,138.82µm
net274,138.785µm
net367,138.685µm
net615,138.585µm
net491,137.925µm
net588,137.7µm
net591,137.44µm
net401,137.37µm
net602,137.05µm
net383,136.45µm
net565,136.16µm
net265,135.84µm
net412,135.32µm
net338,134.9µm
net262,134.82µm
net489,134.6µm
net416,134.24µm
net432,134.1µm
net625,133.675µm
net291,133.56µm
net594,133.02µm
_04134_,132.08µm
net258,131.2µm
_04138_,130.9µm
net334,130.875µm
net516,130µm
net505,129.54µm
net408,129.52µm
net393,129.38µm
net400,129.1µm
net241,128.575µm
net620,128.42µm
net457,127.52µm
net199,127.34µm
net294,127.32µm
net330,127.3µm
net377,127.23µm
net580,126.875µm
net219,126.565µm
net434,126.46µm
net593,126.14µm
net628,126.05µm
net444,125.86µm
net369,125.77µm
net529,125.69µm
net515,125.61µm
net227,125.06µm
_04135_,124.7µm
net235,124.06µm
net422,123.57µm
net504,122.96µm
net557,122.86µm
net160,122.3µm
net209,121.44µm
net257,120.94µm
net586,120.92µm
net616,120.6µm
net350,120.31µm
net193,120.23µm
net517,120.08µm
net482,119.18µm
net428,119.06µm
net189,118.81µm
net261,117.84µm
net604,117.67µm
net254,117.495µm
net448,117.36µm
net278,117.2µm
net174,116.8µm
net398,116.655µm
net176,116.555µm
net323,116.48µm
net270,116.295µm
net585,116.28µm
net581,115.74µm
net509,115.72µm
net232,115.4µm
net587,113.9µm
net552,113.62µm
net320,113µm
net454,112.82µm
net600,112.23µm
net301,112.195µm
net224,111.72µm
net358,111.72µm
net545,111.68µm
net300,111.225µm
net453,111.02µm
net583,109.96µm
net547,109.72µm
net473,109.02µm
net629,108.9µm
net612,108.26µm
net474,108.225µm
net493,107.995µm
net238,107.67µm
net190,107µm
net399,106.92µm
net460,106.765µm
net528,106.295µm
net537,106.25µm
net544,106.2µm
net65,106.09µm
net351,104.9µm
net215,104.8µm
net405,104.44µm
net536,103.63µm
_00898_,103.48µm
net503,103.395µm
net24,103.32µm
net359,103.32µm
net603,103.135µm
net420,102.835µm
net501,102.83µm
_02041_,102.8µm
net607,102.65µm
net476,102.2µm
net414,102.16µm
net564,102.1µm
net525,102µm
net217,101.94µm
net206,101.93µm
net328,101.84µm
net380,101.48µm
net407,101.39µm
net204,101.29µm
net76,101.26µm
net182,100.3µm
net543,99.7µm
net332,99.515µm
net25,99.32µm
net98,99.08µm
net229,98.945µm
net566,98.7µm
net164,98.455µm
net571,98.45µm
net87,98.32µm
_00778_,98.28µm
net464,97.92µm
net211,97.84µm
net461,97.66µm
net374,97.3µm
net256,97.08µm
net442,96.98µm
net411,96.92µm
net222,96.51µm
net208,96.42µm
net419,96.31µm
net214,96.14µm
net343,96µm
net180,95.955µm
net172,95.625µm
net494,95.32µm
net109,95.14µm
net415,95.06µm
net550,94.695µm
net239,94.54µm
net559,94.48µm
net166,94.32µm
net578,94.115µm
net483,94.1µm
net510,93.415µm
net447,93.14µm
net619,93.04µm
net573,92.98µm
net630,92.825µm
net223,92.79µm
net514,92.32µm
net485,92.22µm
net276,92.045µm
net397,91.18µm
net624,91.15µm
_00773_,90.66µm
net344,90.24µm
_04139_,89.9µm
net486,89.7µm
net431,89.56µm
net436,89µm
net597,88.68µm
net386,88.645µm
net202,88.22µm
net226,88.13µm
net467,87.3µm
net244,87.28µm
net302,87.08µm
net469,86.74µm
net479,86.39µm
_00772_,86.36µm
_00041_,86.32µm
net533,86.2µm
net524,85.8µm
net452,85.595µm
net497,85.58µm
net159,84.73µm
net541,84.42µm
net477,84.035µm
net287,83.64µm
net459,83.595µm
net317,83.57µm
net446,82.62µm
net437,82.36µm
net433,82.26µm
_00771_,82.24µm
net231,81.94µm
_01587_,81.92µm
_03125_,81.92µm
net542,81.68µm
net168,79.4µm
_01422_,78.84µm
net572,78.43µm
net381,78.36µm
net617,78.17µm
net413,78.06µm
net556,77.98µm
net353,77.76µm
net201,77.74µm
_01935_,77.58µm
net391,77.2µm
net427,76.85µm
net228,76.82µm
net6,76.26µm
net203,76.12µm
_01762_,75.76µm
net526,75.14µm
net389,74.76µm
net325,74.74µm
net577,74.56µm
net268,74.36µm
net234,74.33µm
net4,73.9µm
net236,73.1µm
net595,73.015µm
net348,72.96µm
net230,72.78µm
net31,72.52µm
net471,72.185µm
net527,71.9µm
net618,71.715µm
net9,71.42µm
net368,71.42µm
_03626_,71.29µm
_04034_,70.8µm
net366,70.65µm
net490,70.33µm
_04124_,69.32µm
net507,69.12µm
net347,68.92µm
net346,68.63µm
net19,67.98µm
net2,67.78µm
_02036_,67.68µm
net94,67.62µm
_02691_,67.33µm
net540,67.29µm
_04033_,67.08µm
_01498_,66.74µm
net535,66.23µm
net309,66.12µm
net480,66.08µm
net15,65.98µm
net198,64.98µm
net512,64.895µm
net532,63.94µm
net50,63.18µm
_02693_,63.1µm
_03801_,62.96µm
net315,62.7µm
_04531_,62.54µm
_01111_,62.52µm
_01217_,62.06µm
net376,62.04µm
_03018_,61.9µm
net40,61.52µm
net613,61µm
_02038_,60.76µm
_00955_,60.7µm
_01673_,60.48µm
net440,60.42µm
net95,59.8µm
net426,59.66µm
_04534_,59.655µm
_02046_,59.46µm
net475,59.32µm
net609,59.215µm
net439,59.16µm
net23,58.98µm
net184,58.83µm
net327,58.8µm
_03263_,58.62µm
_00231_,58.49µm
_01266_,58.36µm
_05131_,58.22µm
_03287_,58.12µm
_05071_,58.12µm
net210,57.98µm
_01150_,57.84µm
_03420_,57.58µm
_00252_,57.44µm
net345,57.38µm
_04024_,56.65µm
_01662_,56.6µm
net86,56.56µm
net342,56.1µm
_01838_,56.04µm
_00250_,55.96µm
net500,55.915µm
net277,55.895µm
net563,55.86µm
net423,55.72µm
_03993_,55.54µm
_00602_,55.5µm
net108,55.3µm
net107,55.18µm
net372,55.18µm
net435,54.76µm
net173,54.74µm
net63,54.72µm
_02854_,54.24µm
_00092_,54.2µm
_03261_,54.14µm
_04462_,53.66µm
net622,53.32µm
_02150_,53.16µm
_05174_,53.1µm
_01036_,53.04µm
_01345_,53.04µm
net596,53.04µm
net384,52.95µm
_02859_,52.76µm
_03303_,52.76µm
_03401_,52.74µm
_00626_,52.71µm
_01208_,52.06µm
_03480_,52µm
net162,51.68µm
_03438_,51.48µm
_03147_,51.45µm
_03285_,51.4µm
net88,51.3µm
_02345_,51.26µm
net165,51.16µm
_04626_,51.1µm
_05265_,50.98µm
_03988_,50.88µm
_01785_,50.84µm
net41,50.82µm
_00226_,50.6µm
_02346_,50.58µm
_01630_,50.56µm
_01982_,50.56µm
_01504_,50.38µm
_03403_,50.2µm
_01503_,50.15µm
_04011_,50.14µm
net111,50.12µm
_04013_,50.08µm
_00660_,49.96µm
_02484_,49.94µm
_00474_,49.7µm
_00895_,49.62µm
_01837_,49.395µm
_00810_,49.32µm
_00118_,49.16µm
net113,48.92µm
_00472_,48.58µm
_04766_,48.48µm
_02298_,48.375µm
_03877_,48.26µm
_01978_,48.24µm
_00426_,48.14µm
_01037_,47.84µm
_03120_,47.7µm
net472,47.7µm
_00012_,47.68µm
net551,47.675µm
_01195_,47.64µm
_01674_,47.58µm
_04967_,47.54µm
_03895_,47.48µm
_03191_,47.36µm
_03706_,47.33µm
net56,47.16µm
_01189_,47.02µm
_02466_,46.68µm
_04476_,46.54µm
_02992_,46.36µm
net92,46.36µm
_02980_,46.22µm
net255,46.22µm
net89,46.06µm
net93,46.02µm
net46,45.96µm
_04686_,45.9µm
net534,45.775µm
_04592_,45.74µm
_02666_,45.675µm
_03982_,45.58µm
_01304_,45.56µm
_03740_,45.54µm
_03013_,45.52µm
_02153_,45.5µm
_04150_,45.31µm
_03890_,45.18µm
_00467_,45.175µm
_00349_,45.1µm
_05132_,45.1µm
net207,45.065µm
_00189_,44.92µm
_03156_,44.84µm
_01346_,44.72µm
_02411_,44.72µm
_02050_,44.68µm
_01152_,44.64µm
_03536_,44.64µm
_00519_,44.56µm
_05066_,44.56µm
_01445_,44.26µm
net90,44.22µm
_00222_,44.08µm
_01283_,43.98µm
_00348_,43.96µm
_02923_,43.92µm
_02895_,43.84µm
_05222_,43.7µm
_04113_,43.68µm
_00128_,43.64µm
_01610_,43.63µm
_00562_,43.52µm
net181,43.485µm
_02712_,43.44µm
_02618_,43.345µm
net110,43.34µm
_04767_,43.3µm
_01191_,43.24µm
_04449_,43.18µm
_01809_,43.14µm
_04094_,43µm
_00287_,42.98µm
_00017_,42.96µm
_02641_,42.94µm
_01190_,42.88µm
net45,42.82µm
_01627_,42.72µm
_01349_,42.68µm
_04750_,42.64µm
_01462_,42.6µm
_02505_,42.56µm
_04714_,42.54µm
_03917_,42.445µm
_03935_,42.44µm
net91,42.42µm
_04062_,42.36µm
_01841_,42.26µm
_01041_,42.14µm
net30,42.14µm
_02177_,42.12µm
_00748_,42.06µm
_04502_,42.04µm
_00703_,42.02µm
_04479_,41.96µm
_00123_,41.84µm
_01667_,41.66µm
_00999_,41.62µm
_01307_,41.58µm
net438,41.42µm
_03193_,41.4µm
_04117_,41.36µm
_05045_,41.36µm
_01871_,41.285µm
_03260_,41.14µm
_00013_,41.1µm
_02004_,41.08µm
net85,41.04µm
net96,41.02µm
_04131_,40.92µm
_00747_,40.895µm
_02830_,40.76µm
_03382_,40.75µm
_05100_,40.72µm
_02556_,40.62µm
_02659_,40.58µm
_03362_,40.56µm
_00354_,40.55µm
_02033_,40.54µm
_03689_,40.52µm
_01507_,40.38µm
_00195_,40.36µm
_02813_,40.28µm
_04133_,40.28µm
_03520_,40.2µm
_00742_,40.04µm
_00934_,39.96µm
_03148_,39.94µm
_04892_,39.86µm
_01847_,39.84µm
_00221_,39.8µm
_02877_,39.58µm
net259,39.5µm
_00891_,39.48µm
net570,39.44µm
_04972_,39.42µm
_01350_,39.38µm
_02013_,39.38µm
_02005_,39.355µm
_04180_,39.34µm
net114,39.28µm
_00086_,39.26µm
_03016_,39.17µm
_01663_,39.16µm
_00608_,39.1µm
_05204_,39µm
_01044_,38.945µm
net84,38.86µm
_00996_,38.82µm
_04585_,38.78µm
_00236_,38.7µm
_04007_,38.64µm
_05046_,38.64µm
_00311_,38.61µm
_00113_,38.54µm
_02821_,38.48µm
_05251_,38.44µm
net269,38.34µm
net20,38.3µm
_04069_,38.24µm
_03019_,38.18µm
_03518_,38.18µm
_03034_,38.14µm
_02964_,38.09µm
_00681_,38.08µm
_00896_,38.04µm
_02925_,38.04µm
_04061_,38.04µm
_02900_,38µm
_00201_,37.96µm
_03327_,37.96µm
_03160_,37.88µm
_05050_,37.66µm
_05217_,37.6µm
_01913_,37.58µm
_01582_,37.48µm
_00461_,37.46µm
_03485_,37.46µm
_04321_,37.46µm
_01975_,37.42µm
_04717_,37.38µm
_01509_,37.32µm
_03056_,37.2µm
_00008_,37.18µm
_03358_,37µm
_01196_,36.98µm
_04154_,36.98µm
_04746_,36.92µm
_00854_,36.82µm
_02486_,36.78µm
_02966_,36.78µm
_02660_,36.7µm
_02157_,36.66µm
_00130_,36.64µm
_04631_,36.59µm
_00705_,36.54µm
net112,36.52µm
_02316_,36.5µm
_03849_,36.5µm
_05223_,36.48µm
_01201_,36.45µm
_01339_,36.44µm
_01842_,36.44µm
_05301_,36.44µm
_04678_,36.42µm
_03380_,36.39µm
_00603_,36.32µm
_01465_,36.32µm
_02791_,36.32µm
_02919_,36.2µm
_03259_,36.2µm
_02234_,36.1µm
_04621_,36.04µm
_00612_,36.02µm
_04535_,35.94µm
_04440_,35.88µm
_05241_,35.88µm
_04511_,35.86µm
_03378_,35.8µm
_03059_,35.72µm
_00361_,35.68µm
_02692_,35.62µm
_04080_,35.6µm
_03348_,35.58µm
_03441_,35.56µm
_02264_,35.46µm
_00708_,35.4µm
_00119_,35.38µm
_00114_,35.36µm
_04379_,35.34µm
_01845_,35.32µm
_04561_,35.26µm
_05202_,35.26µm
_01285_,35.24µm
_01499_,35.24µm
_01807_,35.2µm
_04000_,35.2µm
_01042_,35.18µm
_01901_,35.14µm
_04897_,35.06µm
_04380_,34.88µm
_05218_,34.84µm
_05227_,34.84µm
net152,34.74µm
_01129_,34.72µm
_01484_,34.72µm
_05233_,34.72µm
_00497_,34.7µm
_00314_,34.68µm
_04340_,34.68µm
_05248_,34.58µm
_04475_,34.52µm
_01043_,34.5µm
_03343_,34.5µm
_05287_,34.4µm
_02187_,34.38µm
_00355_,34.36µm
_00597_,34.24µm
_03095_,34.2µm
_05299_,34.16µm
_02178_,34.14µm
_00203_,34.06µm
_02479_,34.06µm
_00743_,34µm
_00256_,33.98µm
_04455_,33.82µm
_02555_,33.7µm
_02511_,33.64µm
_02226_,33.56µm
_02503_,33.54µm
_03252_,33.52µm
_03770_,33.515µm
_00609_,33.42µm
_02107_,33.38µm
_04624_,33.36µm
_03481_,33.32µm
_03497_,33.22µm
_01803_,33.2µm
_02185_,33.12µm
_00172_,33.08µm
_03816_,33.02µm
_00038_,32.9µm
_00683_,32.9µm
_01957_,32.86µm
_03115_,32.86µm
net83,32.86µm
_01666_,32.78µm
_04968_,32.74µm
_00098_,32.72µm
_03219_,32.72µm
_03558_,32.69µm
_02670_,32.68µm
_05102_,32.64µm
_05136_,32.54µm
_02506_,32.52µm
_03122_,32.44µm
_00564_,32.42µm
_02080_,32.42µm
_02822_,32.34µm
_02778_,32.28µm
_02322_,32.22µm
_00737_,32.18µm
_02926_,32.12µm
_02754_,32.115µm
_04596_,32.08µm
_00343_,32.04µm
_04076_,32.02µm
_02078_,31.96µm
_00738_,31.92µm
_00100_,31.88µm
_00627_,31.88µm
_00857_,31.88µm
_00892_,31.8µm
_03608_,31.8µm
_03596_,31.76µm
net185,31.76µm
_01867_,31.75µm
_00308_,31.74µm
_05119_,31.74µm
_00610_,31.68µm
_00040_,31.66µm
_02620_,31.65µm
_04973_,31.64µm
_05084_,31.64µm
_01999_,31.58µm
_03642_,31.54µm
_00700_,31.52µm
_02875_,31.52µm
net468,31.475µm
_01131_,31.42µm
net115,31.42µm
_00478_,31.4µm
_03149_,31.38µm
_03754_,31.38µm
net237,31.38µm
_04241_,31.3µm
_02921_,31.28µm
_00851_,31.27µm
_04193_,31.26µm
_00217_,31.2µm
_04437_,31.2µm
net212,31.18µm
_04855_,31.14µm
_00430_,31.12µm
_02014_,31.12µm
_02949_,31.06µm
_02646_,31.02µm
_02723_,31.02µm
_02021_,30.8µm
_02341_,30.8µm
_03117_,30.8µm
_03234_,30.8µm
_04012_,30.78µm
_00685_,30.76µm
_01862_,30.76µm
_00124_,30.72µm
_03097_,30.64µm
_03659_,30.64µm
_04823_,30.62µm
_01668_,30.58µm
_03299_,30.5µm
_05140_,30.5µm
_03788_,30.495µm
_01089_,30.46µm
net48,30.44µm
_00239_,30.42µm
_00007_,30.4µm
_00344_,30.4µm
_02675_,30.4µm
_03869_,30.38µm
_02412_,30.24µm
_03897_,30.22µm
_02873_,30.18µm
_02134_,30.16µm
_05142_,30.14µm
_03245_,30.09µm
_02671_,30.08µm
_05154_,30.07µm
_01184_,30.06µm
_03368_,30.06µm
_03491_,30.04µm
_04568_,29.98µm
_02644_,29.94µm
_04029_,29.92µm
_04063_,29.86µm
_01735_,29.8µm
_03093_,29.8µm
_05148_,29.79µm
_04503_,29.78µm
_04533_,29.78µm
_03199_,29.76µm
_02183_,29.74µm
_03452_,29.74µm
_03814_,29.74µm
_02835_,29.72µm
_03658_,29.65µm
_03994_,29.64µm
_04262_,29.62µm
_04893_,29.6µm
_00468_,29.58µm
_02725_,29.58µm
_02815_,29.58µm
_00880_,29.52µm
_00616_,29.495µm
_03257_,29.48µm
_03692_,29.42µm
_04281_,29.42µm
_05196_,29.42µm
_04432_,29.32µm
_03553_,29.3µm
_03901_,29.26µm
_01165_,29.14µm
_01861_,29.12µm
_04899_,29.04µm
_03708_,29.01µm
_03238_,28.96µm
_00881_,28.94µm
_00232_,28.92µm
_02075_,28.86µm
net97,28.84µm
_04495_,28.8µm
_05051_,28.78µm
_02343_,28.76µm
_02780_,28.76µm
_02414_,28.74µm
_04358_,28.72µm
_02504_,28.66µm
_03606_,28.66µm
_00286_,28.655µm
_03580_,28.6µm
_05232_,28.58µm
_03845_,28.54µm
_04576_,28.47µm
_01682_,28.46µm
_03152_,28.44µm
_03976_,28.44µm
_02196_,28.4µm
_04450_,28.36µm
_00216_,28.32µm
_00170_,28.3µm
_02351_,28.3µm
_00263_,28.28µm
_02838_,28.1µm
_05243_,28.1µm
_01521_,28.02µm
_04582_,28.02µm
_02492_,27.98µm
_03376_,27.94µm
_04424_,27.9µm
_01199_,27.88µm
_01898_,27.88µm
_00407_,27.86µm
_01443_,27.82µm
_02057_,27.81µm
net387,27.795µm
_00755_,27.74µm
_04408_,27.74µm
_04245_,27.66µm
_03218_,27.655µm
_03903_,27.58µm
_05146_,27.56µm
_03099_,27.53µm
_02420_,27.48µm
_03086_,27.46µm
_04451_,27.46µm
_00338_,27.4µm
_01617_,27.24µm
net441,27.2µm
_02151_,27.14µm
_02318_,27.1µm
_03499_,27.09µm
_00129_,27.04µm
_01399_,27µm
_02974_,27µm
_04196_,26.94µm
_04304_,26.9µm
_00457_,26.86µm
_00628_,26.86µm
_02879_,26.82µm
_01053_,26.7µm
_00234_,26.68µm
_03356_,26.66µm
_02501_,26.58µm
_00321_,26.54µm
_01561_,26.54µm
_02490_,26.54µm
_05055_,26.54µm
_04508_,26.52µm
_02409_,26.5µm
_02042_,26.48µm
_03723_,26.46µm
_00544_,26.44µm
_02665_,26.42µm
_00023_,26.4µm
_02184_,26.4µm
_03834_,26.34µm
_04035_,26.32µm
net511,26.32µm
_02441_,26.26µm
_02894_,26.21µm
_01856_,26.16µm
_01633_,26.14µm
_03205_,26.14µm
_03930_,26.13µm
_03236_,26.12µm
net141,26.12µm
_00598_,26.1µm
_03902_,26.1µm
_04009_,26.1µm
_02435_,26.02µm
_00486_,25.96µm
_00227_,25.94µm
_03703_,25.94µm
_01357_,25.92µm
_01340_,25.76µm
_03663_,25.74µm
_03782_,25.64µm
_02569_,25.62µm
_04188_,25.56µm
_03937_,25.5µm
_01197_,25.465µm
_01707_,25.38µm
_05293_,25.38µm
_04409_,25.36µm
_05282_,25.34µm
_02182_,25.32µm
_00899_,25.31µm
_01155_,25.3µm
_03615_,25.24µm
_01889_,25.22µm
_04436_,25.18µm
_01106_,25.16µm
_03777_,25.12µm
_03506_,25.1µm
_00751_,25.08µm
_04516_,25.06µm
_02866_,25.04µm
_04912_,25.04µm
_01209_,25.02µm
net21,25µm
_04057_,24.98µm
_01109_,24.96µm
_02008_,24.92µm
_04295_,24.92µm
_05137_,24.92µm
_01206_,24.88µm
_00089_,24.86µm
_03998_,24.85µm
_04149_,24.84µm
_04977_,24.84µm
_00888_,24.78µm
_04650_,24.78µm
_00867_,24.76µm
_04309_,24.75µm
_02407_,24.74µm
_00759_,24.72µm
_02538_,24.72µm
_00228_,24.71µm
_05162_,24.68µm
_02567_,24.64µm
_01805_,24.63µm
_04747_,24.62µm
_04157_,24.6µm
_03561_,24.58µm
_05250_,24.58µm
_00744_,24.52µm
_02088_,24.52µm
_04092_,24.5µm
_04360_,24.5µm
_04938_,24.48µm
_04214_,24.46µm
_02817_,24.44µm
_04112_,24.42µm
_02614_,24.4µm
net67,24.4µm
_02340_,24.38µm
_05017_,24.38µm
_05106_,24.36µm
_01223_,24.34µm
_03822_,24.34µm
_04917_,24.34µm
_03836_,24.31µm
_01238_,24.26µm
_03171_,24.22µm
_01159_,24.2µm
_02905_,24.2µm
_04605_,24.2µm
_00087_,24.18µm
_01362_,24.18µm
_01469_,24.18µm
_04872_,24.17µm
_02112_,24.14µm
_03744_,24.14µm
_04814_,24.14µm
_01393_,24.12µm
_00052_,24.1µm
_02189_,24.1µm
_02491_,24.1µm
_03007_,24.1µm
_04338_,24.1µm
_03242_,24.08µm
_00026_,24.06µm
_02667_,24.02µm
_03705_,24.02µm
_04377_,23.98µm
_01127_,23.96µm
_01200_,23.96µm
_03167_,23.96µm
_01680_,23.94µm
_02577_,23.94µm
_05228_,23.94µm
_02721_,23.9µm
_00022_,23.88µm
_00698_,23.88µm
_01440_,23.88µm
_02993_,23.88µm
_01002_,23.84µm
_00062_,23.82µm
_00289_,23.82µm
_05015_,23.82µm
_01062_,23.78µm
_03109_,23.78µm
_00624_,23.76µm
_02865_,23.76µm
_02960_,23.74µm
_04282_,23.74µm
_03936_,23.72µm
_02674_,23.68µm
_05058_,23.68µm
_05075_,23.68µm
_01031_,23.66µm
_03091_,23.66µm
_03509_,23.58µm
net266,23.58µm
_00383_,23.54µm
_02344_,23.54µm
_03228_,23.54µm
_04662_,23.52µm
_05290_,23.5µm
_00190_,23.48µm
_03384_,23.48µm
_03325_,23.44µm
_04987_,23.43µm
_00264_,23.4µm
_03726_,23.4µm
_02287_,23.395µm
_02251_,23.36µm
_00483_,23.34µm
_03360_,23.34µm
_00894_,23.3µm
_02539_,23.3µm
_03575_,23.3µm
_04444_,23.3µm
_00085_,23.28µm
_00337_,23.28µm
_00139_,23.22µm
net144,23.22µm
_00192_,23.18µm
_01777_,23.18µm
_03999_,23.16µm
_01411_,23.14µm
_04273_,23.08µm
_00396_,23.04µm
_01138_,22.98µm
_02971_,22.96µm
_03195_,22.96µm
_01352_,22.92µm
_01369_,22.92µm
_01396_,22.92µm
_03710_,22.92µm
_04684_,22.92µm
_00820_,22.9µm
_02023_,22.9µm
_03755_,22.9µm
_04025_,22.9µm
_05144_,22.88µm
_03939_,22.86µm
_01248_,22.84µm
_04456_,22.84µm
_00890_,22.82µm
_03464_,22.82µm
_03525_,22.82µm
_03698_,22.82µm
_03919_,22.78µm
_03508_,22.77µm
_00456_,22.74µm
_04898_,22.74µm
_02944_,22.72µm
_04162_,22.7µm
_01501_,22.68µm
_05138_,22.68µm
_00463_,22.66µm
_04612_,22.66µm
_02707_,22.64µm
_00464_,22.63µm
_02713_,22.62µm
_02424_,22.58µm
_04520_,22.58µm
_00050_,22.575µm
_05020_,22.56µm
_03599_,22.54µm
_01519_,22.5µm
_02578_,22.5µm
_02681_,22.5µm
_03616_,22.5µm
_03979_,22.5µm
_04506_,22.5µm
_01326_,22.48µm
_04202_,22.44µm
_02976_,22.435µm
_03063_,22.42µm
_03217_,22.42µm
_03729_,22.42µm
_00900_,22.4µm
_01551_,22.395µm
_03621_,22.37µm
_01060_,22.36µm
net129,22.35µm
_00359_,22.32µm
_04089_,22.28µm
_03709_,22.24µm
_00962_,22.2µm
_00866_,22.18µm
_04461_,22.18µm
_00245_,22.16µm
_02349_,22.16µm
_04406_,22.16µm
_04581_,22.135µm
_00081_,22.12µm
_03363_,22.12µm
_03714_,22.115µm
_01018_,22.08µm
_01678_,22.08µm
_04091_,22.08µm
_04275_,22.08µm
_03492_,22.02µm
_02970_,22µm
_02663_,21.96µm
_01009_,21.94µm
_04625_,21.92µm
_01555_,21.9µm
_04271_,21.9µm
_03669_,21.88µm
_01769_,21.74µm
_04291_,21.74µm
_04801_,21.74µm
_00732_,21.735µm
_00133_,21.72µm
_00669_,21.72µm
_03206_,21.72µm
_04979_,21.72µm
_03443_,21.7µm
_01731_,21.68µm
_00242_,21.66µm
_00512_,21.66µm
_00142_,21.64µm
_03914_,21.64µm
_02091_,21.62µm
_00247_,21.58µm
_00365_,21.58µm
_03882_,21.58µm
_02686_,21.56µm
_00018_,21.54µm
_01260_,21.52µm
_02564_,21.52µm
_04901_,21.5µm
_01162_,21.48µm
_02276_,21.46µm
_02624_,21.46µm
_02350_,21.42µm
_03395_,21.42µm
_03564_,21.42µm
_02461_,21.4µm
_02924_,21.4µm
_02598_,21.38µm
net68,21.38µm
_01204_,21.36µm
_00382_,21.34µm
_00745_,21.34µm
_01560_,21.34µm
_02181_,21.34µm
_02214_,21.34µm
_02357_,21.3µm
_01240_,21.28µm
_03110_,21.28µm
_05221_,21.28µm
_01907_,21.27µm
_03971_,21.26µm
_01700_,21.24µm
_03944_,21.24µm
_04197_,21.24µm
_02956_,21.2µm
_02986_,21.18µm
_01403_,21.16µm
_02574_,21.16µm
_03924_,21.16µm
_04209_,21.16µm
_04211_,21.16µm
_02379_,21.14µm
_02664_,21.14µm
_03061_,21.12µm
_03852_,21.12µm
_03665_,21.1µm
_01512_,21.09µm
_02619_,21.08µm
_04046_,21.08µm
_02245_,21.06µm
_04825_,21.06µm
_04095_,21.04µm
_02529_,20.95µm
_03912_,20.92µm
_04108_,20.9µm
_00754_,20.88µm
_03679_,20.88µm
_01712_,20.86µm
_04167_,20.84µm
_00307_,20.82µm
_03643_,20.82µm
_04741_,20.82µm
_02831_,20.8µm
_05253_,20.76µm
_04522_,20.75µm
_01085_,20.7µm
_04368_,20.7µm
_02892_,20.68µm
_03835_,20.68µm
_04220_,20.68µm
_01185_,20.665µm
_00323_,20.66µm
_02507_,20.66µm
_02820_,20.66µm
_01084_,20.64µm
_04363_,20.6µm
_02400_,20.58µm
_02612_,20.56µm
_03733_,20.54µm
_01355_,20.52µm
_02247_,20.52µm
_03253_,20.52µm
_02885_,20.505µm
_03349_,20.5µm
_03246_,20.48µm
_00662_,20.46µm
_00765_,20.46µm
_00897_,20.46µm
_05263_,20.46µm
_00215_,20.4µm
_03373_,20.4µm
_03475_,20.4µm
_03831_,20.4µm
_03973_,20.4µm
_02758_,20.38µm
_00863_,20.36µm
_03085_,20.32µm
_02770_,20.3µm
_04285_,20.3µm
net145,20.3µm
_01595_,20.28µm
_01904_,20.28µm
_02940_,20.28µm
net240,20.28µm
_00164_,20.26µm
_01741_,20.2µm
_02587_,20.2µm
_04250_,20.2µm
_04423_,20.2µm
_03829_,20.18µm
_02972_,20.16µm
_00908_,20.12µm
_03486_,20.12µm
_02516_,20.11µm
_05143_,20.08µm
_03700_,20.04µm
_04414_,20.005µm
_02275_,20µm
_03432_,20µm
net635,20µm
_02201_,19.98µm
_02594_,19.98µm
_03107_,19.98µm
_04053_,19.975µm
_03878_,19.96µm
_03667_,19.94µm
_01729_,19.92µm
_01784_,19.92µm
_03305_,19.92µm
_03916_,19.92µm
_03809_,19.9µm
_01727_,19.88µm
_03071_,19.88µm
_04311_,19.86µm
_02530_,19.84µm
_03600_,19.84µm
_01936_,19.8µm
_02246_,19.8µm
_00592_,19.78µm
_04396_,19.74µm
_00031_,19.72µm
_00910_,19.7µm
_01648_,19.7µm
_02653_,19.7µm
_00780_,19.68µm
_00876_,19.68µm
_00591_,19.66µm
_05188_,19.64µm
_02108_,19.63µm
_02545_,19.62µm
_00975_,19.6µm
_03546_,19.58µm
_00363_,19.54µm
_02035_,19.54µm
_03121_,19.54µm
_05210_,19.54µm
_01573_,19.53µm
_04679_,19.52µm
_00414_,19.5µm
_04030_,19.5µm
_01124_,19.48µm
_02250_,19.465µm
_03500_,19.46µm
_04936_,19.46µm
_01229_,19.43µm
_00621_,19.42µm
_01865_,19.4µm
_03391_,19.4µm
_02823_,19.38µm
_03054_,19.38µm
_01057_,19.36µm
_01505_,19.36µm
_00163_,19.34µm
_04701_,19.34µm
_00550_,19.32µm
_03598_,19.32µm
_00403_,19.3µm
_03328_,19.3µm
_04385_,19.3µm
_01068_,19.28µm
_03387_,19.28µm
_03422_,19.28µm
_04433_,19.28µm
_00607_,19.26µm
_01563_,19.25µm
_03329_,19.24µm
_03926_,19.24µm
_02727_,19.2µm
_04947_,19.18µm
_03127_,19.16µm
_04510_,19.16µm
_01881_,19.14µm
_02082_,19.12µm
_02297_,19.12µm
_03039_,19.12µm
_03856_,19.12µm
_04082_,19.12µm
_05276_,19.1µm
_01309_,19.08µm
_01656_,19.08µm
_01541_,19.06µm
_02652_,19.04µm
_03250_,19.04µm
_01522_,19.03µm
_03439_,19.025µm
_00635_,19.02µm
_00850_,19.02µm
_02795_,19.02µm
_05081_,19µm
_03119_,18.98µm
_03618_,18.98µm
_03821_,18.98µm
_04606_,18.96µm
_01930_,18.95µm
_00125_,18.94µm
_04788_,18.94µm
_00168_,18.86µm
_01292_,18.86µm
_01391_,18.84µm
_00178_,18.82µm
_00568_,18.82µm
_01054_,18.82µm
_04191_,18.82µm
_04552_,18.82µm
_01347_,18.8µm
_04716_,18.79µm
_00295_,18.78µm
_01757_,18.74µm
_04293_,18.74µm
_00372_,18.66µm
_01538_,18.64µm
_03594_,18.64µm
_01506_,18.6µm
_05067_,18.595µm
_02891_,18.58µm
_04761_,18.58µm
_00542_,18.54µm
_00827_,18.54µm
_03958_,18.54µm
_04084_,18.54µm
_01607_,18.52µm
_02243_,18.5µm
_03139_,18.48µm
_03347_,18.48µm
_03823_,18.48µm
_03668_,18.46µm
_03141_,18.42µm
_01066_,18.415µm
_00680_,18.4µm
_01401_,18.4µm
_01510_,18.4µm
_03060_,18.4µm
_03166_,18.4µm
_04764_,18.4µm
_01249_,18.38µm
_03421_,18.36µm
_00471_,18.34µm
_01814_,18.34µm
_01852_,18.34µm
_00408_,18.32µm
_00540_,18.3µm
_00433_,18.28µm
_01366_,18.28µm
_04874_,18.27µm
_02385_,18.24µm
_01383_,18.22µm
_01681_,18.22µm
_03920_,18.22µm
_00613_,18.2µm
_01972_,18.18µm
_04059_,18.16µm
_04991_,18.14µm
_03254_,18.12µm
_03886_,18.12µm
_01751_,18.1µm
_01012_,18.08µm
_01514_,18.08µm
_02381_,18.065µm
_00418_,18.06µm
_02453_,18.06µm
_05286_,18.06µm
_01051_,18.04µm
_02834_,18.04µm
_04366_,18.04µm
_00019_,18.02µm
_02213_,18.02µm
_03562_,18.02µm
_05157_,17.98µm
net36,17.98µm
_01864_,17.96µm
_02188_,17.94µm
_02647_,17.92µm
_02241_,17.9µm
_03040_,17.9µm
_04036_,17.9µm
_00082_,17.88µm
_02790_,17.88µm
_03354_,17.88µm
_00188_,17.86µm
_01203_,17.86µm
_03947_,17.84µm
_04866_,17.8µm
_00466_,17.78µm
_00492_,17.78µm
_01438_,17.78µm
_02356_,17.74µm
_04008_,17.74µm
_01107_,17.72µm
_03052_,17.72µm
_00946_,17.7µm
_01394_,17.7µm
_01045_,17.68µm
_03980_,17.66µm
_04104_,17.66µm
_04121_,17.66µm
_01688_,17.655µm
_00141_,17.64µm
_01758_,17.64µm
_02864_,17.64µm
_05052_,17.6µm
_03880_,17.58µm
_01241_,17.56µm
_01557_,17.56µm
_03467_,17.56µm
_03556_,17.56µm
_02889_,17.54µm
_01277_,17.52µm
_02532_,17.52µm
_00764_,17.48µm
_01404_,17.48µm
_02498_,17.48µm
_02642_,17.46µm
_01038_,17.44µm
_03229_,17.44µm
_03357_,17.44µm
_04616_,17.44µm
_05078_,17.42µm
_04297_,17.41µm
_00117_,17.4µm
_03361_,17.4µm
_04305_,17.395µm
_00983_,17.38µm
_03549_,17.38µm
_03671_,17.38µm
_04421_,17.38µm
_04602_,17.38µm
_01564_,17.36µm
_04644_,17.36µm
_02027_,17.35µm
_00560_,17.34µm
_01604_,17.34µm
_01732_,17.34µm
_03126_,17.34µm
_00011_,17.28µm
_01927_,17.28µm
_02130_,17.28µm
_02370_,17.28µm
_02636_,17.28µm
_04900_,17.28µm
_03183_,17.26µm
_00950_,17.24µm
_03516_,17.24µm
_01040_,17.23µm
_01059_,17.22µm
_01193_,17.2µm
_01358_,17.2µm
_02191_,17.2µm
_03105_,17.2µm
_03225_,17.2µm
_03532_,17.2µm
_03824_,17.2µm
_01317_,17.18µm
_00728_,17.16µm
_00951_,17.16µm
_01011_,17.14µm
_02732_,17.14µm
_04164_,17.12µm
net127,17.12µm
net634,17.12µm
_00541_,17.08µm
_02087_,17.065µm
_03953_,17.06µm
_04856_,17.06µm
_04949_,17.06µm
_05249_,17.06µm
_03051_,17.04µm
_04471_,17.04µm
_02508_,17.02µm
_03136_,17.02µm
net128,17.02µm
_00369_,16.98µm
_00918_,16.98µm
_02053_,16.98µm
_01903_,16.96µm
_04317_,16.96µm
_00617_,16.94µm
_01331_,16.88µm
_03582_,16.88µm
_04374_,16.88µm
_00368_,16.86µm
_00940_,16.86µm
_03704_,16.86µm
_04722_,16.86µm
_00488_,16.84µm
_01453_,16.84µm
_03841_,16.82µm
_00995_,16.8µm
_03196_,16.76µm
_04906_,16.76µm
_00653_,16.74µm
_01052_,16.74µm
_01242_,16.74µm
_03003_,16.74µm
_03827_,16.74µm
_01892_,16.72µm
_03992_,16.72µm
_04524_,16.72µm
_00331_,16.7µm
_02734_,16.68µm
_03271_,16.68µm
_03889_,16.66µm
_01872_,16.64µm
_02352_,16.64µm
_03837_,16.64µm
_01450_,16.62µm
_03146_,16.62µm
_05089_,16.62µm
_00357_,16.6µm
_01171_,16.6µm
_04733_,16.6µm
_02655_,16.58µm
_00885_,16.56µm
_02437_,16.56µm
_02462_,16.56µm
_04223_,16.56µm
_05062_,16.56µm
net66,16.56µm
net125,16.56µm
_00352_,16.54µm
_01858_,16.54µm
_05149_,16.54µm
_01093_,16.53µm
_00977_,16.52µm
_02233_,16.52µm
_04914_,16.52µm
_05179_,16.52µm
_03369_,16.5µm
_03487_,16.5µm
_04911_,16.5µm
_03597_,16.48µm
_03617_,16.48µm
_00400_,16.465µm
_00027_,16.46µm
_02537_,16.46µm
_03426_,16.46µm
_04760_,16.46µm
_00121_,16.44µm
_00194_,16.4µm
_00428_,16.4µm
_00690_,16.4µm
_02898_,16.4µm
_03255_,16.4µm
_03379_,16.4µm
_04308_,16.4µm
_04999_,16.4µm
_01202_,16.38µm
_01870_,16.38µm
_00101_,16.36µm
_01320_,16.36µm
_00404_,16.34µm
_01851_,16.32µm
_03214_,16.3µm
_03812_,16.3µm
_00557_,16.28µm
_03326_,16.28µm
_03634_,16.28µm
_05057_,16.28µm
_05256_,16.28µm
_00593_,16.26µm
_00634_,16.26µm
_01542_,16.26µm
_01846_,16.26µm
_04346_,16.26µm
_05284_,16.26µm
_01897_,16.24µm
_00846_,16.2µm
_02258_,16.2µm
_02051_,16.18µm
_02763_,16.18µm
_02446_,16.16µm
_03213_,16.16µm
_03610_,16.16µm
_02702_,16.14µm
_02802_,16.14µm
_02816_,16.12µm
_02656_,16.1µm
_04500_,16.1µm
_03585_,16.08µm
_01868_,16.06µm
_03381_,16.06µm
_01998_,16.05µm
_00401_,16.04µm
_03365_,16.04µm
_03863_,16.04µm
_00522_,16.03µm
_00115_,16.02µm
_03315_,16.02µm
_04213_,16.02µm
_03390_,15.96µm
_03654_,15.96µm
_04244_,15.96µm
_02765_,15.94µm
_05004_,15.92µm
_02048_,15.9µm
_02735_,15.9µm
_03736_,15.9µm
_00559_,15.88µm
_02317_,15.88µm
_01798_,15.86µm
_03006_,15.86µm
_01937_,15.84µm
_02493_,15.84µm
_03453_,15.84µm
_03826_,15.84µm
_03501_,15.83µm
_04207_,15.82µm
_01534_,15.785µm
_04497_,15.78µm
_02071_,15.74µm
_02450_,15.74µm
_04941_,15.74µm
_05141_,15.74µm
_00061_,15.72µm
_01075_,15.72µm
_04060_,15.72µm
_01589_,15.7µm
_02536_,15.7µm
_03135_,15.7µm
_03894_,15.7µm
_02509_,15.68µm
_03638_,15.68µm
_04796_,15.68µm
_02270_,15.67µm
_04670_,15.66µm
_01800_,15.62µm
_00279_,15.6µm
_02373_,15.6µm
net131,15.58µm
_00220_,15.56µm
_00599_,15.56µm
_01745_,15.56µm
_02884_,15.56µm
_00917_,15.555µm
_00731_,15.54µm
_02637_,15.54µm
_03910_,15.54µm
_04283_,15.54µm
_05127_,15.54µm
_01569_,15.52µm
_01608_,15.52µm
_03542_,15.52µm
_03436_,15.5µm
net138,15.5µm
_00046_,15.48µm
_00241_,15.48µm
_04189_,15.48µm
_01763_,15.46µm
_02254_,15.46µm
_03066_,15.46µm
_04798_,15.46µm
_02012_,15.44µm
_00384_,15.42µm
_01970_,15.42µm
_03661_,15.42µm
_01558_,15.4µm
_01778_,15.4µm
_02661_,15.4µm
_03720_,15.4µm
_01164_,15.39µm
_02632_,15.38µm
_02945_,15.38µm
_00003_,15.36µm
_03476_,15.36µm
_03713_,15.36µm
_01962_,15.34µm
_02886_,15.34µm
_03355_,15.32µm
_05054_,15.32µm
_00829_,15.3µm
_01737_,15.3µm
_01854_,15.3µm
_02847_,15.3µm
_04194_,15.3µm
_04827_,15.295µm
_00377_,15.28µm
_01744_,15.28µm
_02083_,15.28µm
_02190_,15.28µm
_00735_,15.26µm
_00845_,15.26µm
_02457_,15.26µm
_00476_,15.24µm
_02740_,15.24µm
_04356_,15.24µm
_04528_,15.24µm
net135,15.24µm
_00640_,15.22µm
_00936_,15.22µm
_01113_,15.22µm
_01194_,15.22µm
_02771_,15.22µm
_03495_,15.22µm
_03666_,15.22µm
_00781_,15.2µm
_02599_,15.2µm
_01855_,15.18µm
_02040_,15.18µm
_02648_,15.18µm
_00342_,15.16µm
_03490_,15.16µm
_00048_,15.14µm
_01006_,15.14µm
_03538_,15.14µm
_05101_,15.14µm
_00235_,15.12µm
_04634_,15.1µm
_00434_,15.08µm
_01178_,15.08µm
_03079_,15.08µm
_04049_,15.08µm
_04932_,15.08µm
_00723_,15.06µm
_02186_,15.02µm
_04838_,15.02µm
_04904_,15.02µm
_02141_,14.98µm
_01146_,14.94µm
_03489_,14.94µm
_00388_,14.92µm
_03727_,14.92µm
_00437_,14.9µm
_05261_,14.9µm
_00313_,14.88µm
_00813_,14.88µm
_01348_,14.88µm
_02454_,14.88µm
_02825_,14.86µm
_03649_,14.86µm
_04106_,14.86µm
_01665_,14.84µm
_01986_,14.82µm
_02808_,14.82µm
_01364_,14.81µm
_00481_,14.8µm
_04373_,14.8µm
_04888_,14.8µm
_00601_,14.78µm
_03808_,14.78µm
_00838_,14.76µm
_02689_,14.76µm
_00767_,14.74µm
_01257_,14.74µm
_01753_,14.72µm
_02714_,14.72µm
_02747_,14.705µm
_00358_,14.68µm
_02277_,14.68µm
_04145_,14.68µm
_00924_,14.66µm
_01672_,14.66µm
_02114_,14.66µm
_00249_,14.64µm
_01281_,14.64µm
_01657_,14.64µm
_03172_,14.64µm
_03477_,14.64µm
_03650_,14.64µm
_00756_,14.62µm
_01497_,14.6µm
_01334_,14.58µm
_04545_,14.575µm
_01699_,14.56µm
_02416_,14.56µm
_03140_,14.56µm
_01090_,14.54µm
_03377_,14.54µm
_01236_,14.52µm
_02011_,14.52µm
_03226_,14.52µm
_04001_,14.52µm
_00618_,14.51µm
_00666_,14.5µm
_01489_,14.5µm
_01353_,14.48µm
_00574_,14.46µm
_03359_,14.46µm
_03909_,14.46µm
_04175_,14.46µm
_00973_,14.445µm
_01460_,14.44µm
_01552_,14.44µm
_01024_,14.42µm
_02591_,14.42µm
_03077_,14.42µm
_03111_,14.42µm
_01799_,14.39µm
_00091_,14.38µm
_00310_,14.38µm
_03482_,14.38µm
_03966_,14.38µm
_00450_,14.36µm
_01623_,14.36µm
_03795_,14.36µm
_04225_,14.36µm
_04546_,14.36µm
_00167_,14.34µm
_00459_,14.34µm
_01924_,14.34µm
_03304_,14.34µm
_05033_,14.34µm
_05044_,14.34µm
_01424_,14.32µm
_00154_,14.3µm
_00921_,14.3µm
_01198_,14.3µm
_03925_,14.3µm
_04995_,14.3µm
_03589_,14.29µm
_01329_,14.28µm
_01434_,14.26µm
_02449_,14.26µm
_00090_,14.24µm
_04195_,14.24µm
_01064_,14.22µm
_02408_,14.22µm
_03465_,14.22µm
_03896_,14.22µm
_02348_,14.2µm
_00398_,14.18µm
_02730_,14.18µm
_02987_,14.18µm
_01830_,14.175µm
_02109_,14.16µm
_02353_,14.14µm
_04970_,14.14µm
_04263_,14.12µm
_04840_,14.12µm
net82,14.12µm
_00253_,14.1µm
_00741_,14.1µm
_01594_,14.1µm
_03339_,14.1µm
_03440_,14.1µm
_04333_,14.1µm
_04863_,14.1µm
_03112_,14.08µm
_04040_,14.08µm
_04833_,14.08µm
_02146_,14.06µm
_03468_,14.06µm
_02283_,14.055µm
_01468_,14.04µm
_01950_,14.04µm
_02474_,14.04µm
_02611_,14.04µm
_04622_,14.04µm
_04668_,14.04µm
_04737_,14.04µm
_00584_,14.02µm
_03151_,14.02µm
_00152_,14.015µm
_01027_,13.99µm
_02888_,13.98µm
_03047_,13.97µm
_00290_,13.96µm
_01115_,13.96µm
_02211_,13.96µm
_02242_,13.96µm
_00298_,13.94µm
_01428_,13.94µm
_02365_,13.92µm
_00814_,13.9µm
_04378_,13.9µm
_01032_,13.88µm
_03364_,13.88µm
_01556_,13.86µm
_01832_,13.86µm
_03316_,13.86µm
_03817_,13.86µm
_04331_,13.86µm
_00312_,13.84µm
_00704_,13.84µm
_01295_,13.84µm
_01517_,13.84µm
_02281_,13.84µm
_02890_,13.84µm
_00309_,13.82µm
_03021_,13.82µm
_00989_,13.8µm
_01442_,13.8µm
_02444_,13.8µm
_03510_,13.8µm
_03609_,13.8µm
_03722_,13.8µm
_05006_,13.79µm
_01081_,13.78µm
_04789_,13.78µm
_01625_,13.76µm
_03493_,13.76µm
_04815_,13.76µm
_03243_,13.74µm
_03685_,13.74µm
_01486_,13.72µm
_01692_,13.72µm
_01863_,13.72µm
_03591_,13.72µm
_05145_,13.72µm
_02307_,13.7µm
_03241_,13.7µm
_04417_,13.7µm
_04931_,13.7µm
_00874_,13.68µm
_02124_,13.68µm
_00212_,13.67µm
_03655_,13.66µm
_04270_,13.65µm
_00887_,13.64µm
_03247_,13.64µm
_03759_,13.64µm
_01069_,13.62µm
_04698_,13.62µm
_03020_,13.6µm
_04420_,13.6µm
_02152_,13.58µm
_05150_,13.58µm
_01671_,13.575µm
_00750_,13.56µm
_01850_,13.56µm
_03192_,13.56µm
_03931_,13.56µm
_05245_,13.56µm
_00521_,13.54µm
_02442_,13.54µm
_02927_,13.54µm
_05229_,13.54µm
net99,13.54µm
_02113_,13.52µm
_02368_,13.52µm
_04672_,13.52µm
_01289_,13.5µm
_02716_,13.5µm
_00332_,13.48µm
_00649_,13.48µm
_01655_,13.48µm
_05021_,13.48µm
_01335_,13.46µm
_00448_,13.42µm
_03333_,13.42µm
_05110_,13.42µm
_00494_,13.4µm
_02809_,13.4µm
_02867_,13.4µm
_03011_,13.4µm
_03446_,13.4µm
_00830_,13.38µm
_02571_,13.38µm
_03576_,13.38µm
net126,13.38µm
_03601_,13.34µm
_03691_,13.34µm
_02018_,13.32µm
_02690_,13.32µm
_03766_,13.32µm
_02028_,13.3µm
_03543_,13.3µm
_03803_,13.3µm
_00324_,13.28µm
_00785_,13.28µm
_00872_,13.28µm
_01492_,13.28µm
_01771_,13.26µm
_02939_,13.26µm
_04018_,13.26µm
_05205_,13.26µm
_00006_,13.22µm
_01967_,13.22µm
_03026_,13.22µm
_02399_,13.2µm
_02742_,13.2µm
_03735_,13.2µm
_05080_,13.2µm
_04939_,13.185µm
_04666_,13.18µm
_04452_,13.17µm
_04047_,13.16µm
_04835_,13.16µm
_01367_,13.14µm
_02589_,13.14µm
_03865_,13.14µm
_04343_,13.14µm
_02101_,13.13µm
_00185_,13.12µm
_02072_,13.12µm
_02908_,13.12µm
_03748_,13.12µm
_02049_,13.1µm
_03045_,13.1µm
_04657_,13.1µm
_00760_,13.09µm
_00496_,13.08µm
_00729_,13.08µm
_01029_,13.08µm
_02095_,13.08µm
_02576_,13.08µm
_03796_,13.08µm
_00606_,13.06µm
_01154_,13.06µm
_02557_,13.06µm
_00341_,13.04µm
_00707_,13.04µm
_01212_,13.04µm
_03239_,13.04µm
_03595_,13.04µm
_04118_,13.04µm
_00280_,13.02µm
_02327_,13.02µm
_00794_,12.96µm
_03631_,12.96µm
_04075_,12.96µm
_04792_,12.96µm
_04981_,12.96µm
_04994_,12.96µm
_00320_,12.94µm
_00992_,12.94µm
_01417_,12.94µm
_02311_,12.94µm
_03058_,12.94µm
_00569_,12.92µm
_00661_,12.92µm
_01046_,12.92µm
_04983_,12.92µm
_05029_,12.92µm
net120,12.92µm
_03954_,12.9µm
_05271_,12.9µm
_02063_,12.89µm
_04369_,12.88µm
_04955_,12.88µm
_01535_,12.84µm
_01576_,12.84µm
_02936_,12.82µm
_03351_,12.82µm
_04891_,12.81µm
_00791_,12.8µm
_00841_,12.8µm
_03789_,12.8µm
_03906_,12.8µm
_03911_,12.8µm
_01925_,12.78µm
_01942_,12.78µm
_02208_,12.78µm
_00691_,12.76µm
_02285_,12.76µm
_02951_,12.76µm
_03098_,12.76µm
_01600_,12.75µm
_02985_,12.74µm
_04961_,12.74µm
_00427_,12.72µm
_00749_,12.72µm
_01709_,12.72µm
_02308_,12.72µm
_02438_,12.72µm
_02480_,12.72µm
_03276_,12.72µm
_04231_,12.72µm
_00173_,12.7µm
_01464_,12.7µm
_01091_,12.68µm
_01994_,12.68µm
_03102_,12.68µm
_03197_,12.68µm
_03311_,12.68µm
_01213_,12.66µm
_03240_,12.64µm
_03732_,12.64µm
_04985_,12.64µm
_05239_,12.64µm
_03776_,12.62µm
_03807_,12.62µm
_04677_,12.62µm
_04910_,12.62µm
_01487_,12.61µm
_00717_,12.6µm
_02920_,12.6µm
_04294_,12.6µm
_04494_,12.6µm
_04689_,12.6µm
_05025_,12.6µm
_00525_,12.58µm
_01933_,12.58µm
_02728_,12.58µm
_01849_,12.56µm
_02489_,12.56µm
_03036_,12.56µm
_03138_,12.56µm
_03430_,12.56µm
_03927_,12.56µm
_03221_,12.54µm
_03319_,12.54µm
_03742_,12.54µm
_04570_,12.54µm
_00285_,12.52µm
_02282_,12.52µm
_02513_,12.52µm
_02878_,12.5µm
_03106_,12.5µm
_03833_,12.5µm
_04318_,12.5µm
_04708_,12.5µm
_00122_,12.48µm
_02321_,12.48µm
_02367_,12.48µm
_04067_,12.48µm
_04595_,12.48µm
_00818_,12.46µm
_00948_,12.46µm
_02901_,12.46µm
_03533_,12.46µm
_04006_,12.44µm
_01716_,12.42µm
_04296_,12.42µm
_05003_,12.42µm
_02605_,12.4µm
_02290_,12.38µm
_03181_,12.38µm
_03948_,12.38µm
_04120_,12.38µm
_04916_,12.38µm
_02127_,12.36µm
_03884_,12.36µm
_00964_,12.34µm
_02731_,12.34µm
_03248_,12.325µm
_00905_,12.32µm
_00066_,12.3µm
_00387_,12.3µm
_00473_,12.3µm
_04372_,12.3µm
_03657_,12.29µm
_01077_,12.26µm
_02487_,12.26µm
_02773_,12.26µm
_03922_,12.26µm
_01210_,12.24µm
_02720_,12.24µm
_00674_,12.22µm
_00692_,12.22µm
_01094_,12.22µm
_01179_,12.22µm
_01513_,12.22µm
_02882_,12.22µm
_03774_,12.22µm
_04966_,12.22µm
_00149_,12.2µm
_02064_,12.2µm
_03673_,12.2µm
_04515_,12.2µm
_05098_,12.2µm
_01880_,12.18µm
_02448_,12.18µm
_02525_,12.18µm
_03434_,12.18µm
_03929_,12.18µm
_04037_,12.18µm
_05189_,12.18µm
_05289_,12.18µm
_05153_,12.175µm
_00491_,12.16µm
_02512_,12.16µm
_03987_,12.16µm
_04128_,12.16µm
_04158_,12.16µm
_01231_,12.15µm
_01675_,12.14µm
_04002_,12.14µm
_04843_,12.14µm
net139,12.14µm
_00304_,12.12µm
_00305_,12.12µm
_01516_,12.12µm
_01520_,12.12µm
_03113_,12.12µm
_03547_,12.12µm
_04649_,12.12µm
_04940_,12.12µm
_05213_,12.12µm
_02073_,12.1µm
_03905_,12.1µm
_03918_,12.1µm
_04370_,12.1µm
_05116_,12.1µm
_00499_,12.08µm
_03185_,12.08µm
_04481_,12.08µm
_04539_,12.08µm
_05158_,12.08µm
_01853_,12.06µm
_04745_,12.06µm
_03738_,12.055µm
_00191_,12.04µm
_00458_,12.04µm
_00682_,12.04µm
_01698_,12.04µm
_03198_,12.04µm
_03940_,12.04µm
_04794_,12.04µm
_01894_,12.03µm
_00632_,12.02µm
_02265_,12.02µm
_04020_,12.02µm
_00543_,12µm
_01570_,12µm
_01578_,12µm
_02017_,12µm
_02853_,12µm
_03046_,12µm
_04083_,12µm
_04198_,12µm
_02465_,11.985µm
_01646_,11.98µm
_02120_,11.98µm
_01279_,11.96µm
_01754_,11.96µm
_02398_,11.96µm
_02764_,11.96µm
_04996_,11.955µm
_00663_,11.95µm
_02546_,11.94µm
_02629_,11.94µm
_00886_,11.93µm
_03366_,11.93µm
_00715_,11.92µm
_01235_,11.92µm
_01402_,11.92µm
_03032_,11.92µm
_03100_,11.92µm
_04735_,11.92µm
_01670_,11.9µm
_03716_,11.9µm
_03881_,11.9µm
_00157_,11.88µm
_03479_,11.88µm
_02209_,11.86µm
_02517_,11.86µm
_04098_,11.86µm
_00303_,11.85µm
_00283_,11.84µm
_01299_,11.84µm
_02459_,11.84µm
_04090_,11.84µm
_04217_,11.84µm
net69,11.84µm
net81,11.84µm
B[19],11.82µm
_00566_,11.82µm
_03009_,11.82µm
_04058_,11.82µm
_00966_,11.8µm
_02607_,11.8µm
_02977_,11.8µm
_04088_,11.8µm
_05181_,11.8µm
_01328_,11.78µm
_01603_,11.78µm
_03174_,11.78µm
_04405_,11.78µm
_05118_,11.78µm
_05262_,11.78µm
_00204_,11.76µm
_00452_,11.76µm
_00768_,11.76µm
_00873_,11.76µm
_01884_,11.76µm
_01959_,11.76µm
_02324_,11.76µm
_03064_,11.76µm
_03163_,11.76µm
_04325_,11.76µm
_04350_,11.76µm
_02194_,11.74µm
_02726_,11.74µm
net136,11.74µm
_02478_,11.72µm
_04287_,11.72µm
_04652_,11.72µm
_03898_,11.715µm
_03294_,11.71µm
_00137_,11.7µm
_01269_,11.7µm
_01490_,11.7µm
_02995_,11.7µm
_03073_,11.7µm
_04687_,11.7µm
_05252_,11.7µm
_00508_,11.68µm
_00777_,11.68µm
_02464_,11.68µm
_03268_,11.68µm
_01601_,11.67µm
_00752_,11.66µm
_01222_,11.66µm
_01233_,11.66µm
_01553_,11.66µm
_01993_,11.66µm
_03611_,11.66µm
_02568_,11.64µm
_03050_,11.64µm
_03177_,11.64µm
_03293_,11.64µm
_05018_,11.625µm
_00379_,11.62µm
_01130_,11.62µm
_01929_,11.62µm
_03447_,11.62µm
_03517_,11.62µm
_05292_,11.62µm
_03915_,11.6µm
_00193_,11.58µm
_00258_,11.58µm
_00329_,11.58µm
_00630_,11.58µm
_01392_,11.58µm
_01720_,11.58µm
_02058_,11.58µm
_02843_,11.58µm
_03114_,11.58µm
_03130_,11.58µm
_04445_,11.58µm
_01061_,11.56µm
_01485_,11.56µm
_02981_,11.56µm
_04302_,11.56µm
_01479_,11.54µm
_02427_,11.54µm
_02630_,11.54µm
_02698_,11.54µm
_04064_,11.54µm
_04276_,11.54µm
_05283_,11.54µm
net134,11.54µm
_00423_,11.52µm
_01429_,11.52µm
_00176_,11.5µm
_01310_,11.5µm
_01458_,11.5µm
_04257_,11.5µm
_05234_,11.5µm
_01764_,11.48µm
_03092_,11.48µm
_03277_,11.48µm
_04862_,11.48µm
_01122_,11.46µm
_02249_,11.46µm
_02887_,11.46µm
_04807_,11.46µm
_00211_,11.44µm
_00776_,11.44µm
_00806_,11.44µm
_02278_,11.44µm
_02997_,11.44µm
_03586_,11.44µm
_01996_,11.42µm
_03015_,11.42µm
_03932_,11.42µm
_03970_,11.42µm
_04785_,11.42µm
_00422_,11.4µm
_01649_,11.4µm
_01714_,11.39µm
_01228_,11.38µm
_01752_,11.38µm
_02654_,11.38µm
_02722_,11.38µm
_04181_,11.38µm
_04216_,11.38µm
_04553_,11.38µm
_04806_,11.38µm
_00399_,11.36µm
_03715_,11.36µm
_04146_,11.36µm
_05014_,11.36µm
_00084_,11.34µm
_00702_,11.34µm
_01079_,11.34µm
_01126_,11.34µm
_02472_,11.34µm
_03108_,11.34µm
_03352_,11.34µm
_00477_,11.32µm
_02215_,11.32µm
_02840_,11.32µm
_03129_,11.32µm
_03511_,11.32µm
_05175_,11.32µm
_01290_,11.3µm
_02204_,11.3µm
_02330_,11.3µm
_03701_,11.3µm
_02086_,11.29µm
_00529_,11.28µm
_00761_,11.28µm
_01173_,11.28µm
_01475_,11.28µm
_04259_,11.28µm
_00558_,11.26µm
_01017_,11.26µm
_00002_,11.25µm
_01488_,11.25µm
A[4],11.24µm
_00036_,11.24µm
_00739_,11.24µm
_01294_,11.24µm
_04238_,11.24µm
_04085_,11.22µm
_04342_,11.22µm
_04739_,11.22µm
_01525_,11.2µm
_01823_,11.2µm
_02269_,11.2µm
_03838_,11.2µm
_04804_,11.2µm
_01811_,11.18µm
_01964_,11.18µm
_02639_,11.18µm
_03292_,11.18µm
_03504_,11.18µm
_03605_,11.18µm
_03956_,11.18µm
_05126_,11.18µm
_00015_,11.16µm
_00233_,11.16µm
_00248_,11.16µm
_01860_,11.16µm
_02284_,11.16µm
_02973_,11.16µm
_03569_,11.16µm
_03818_,11.16µm
_04488_,11.16µm
_05030_,11.16µm
B[3],11.14µm
_01104_,11.14µm
_02220_,11.125µm
_00044_,11.12µm
_00169_,11.12µm
_01588_,11.12µm
_01637_,11.12µm
_01703_,11.12µm
_05011_,11.12µm
_01818_,11.1µm
_02267_,11.1µm
_02523_,11.1µm
_02696_,11.1µm
_02767_,11.1µm
_03697_,11.1µm
_04234_,11.1µm
_05111_,11.1µm
_01441_,11.08µm
_01548_,11.08µm
_02060_,11.08µm
_04042_,11.08µm
_04126_,11.08µm
_01073_,11.075µm
_01368_,11.06µm
_02688_,11.06µm
_05302_,11.06µm
_01626_,11.055µm
_00714_,11.045µm
_01333_,11.04µm
_01887_,11.04µm
_02957_,11.04µm
_04584_,11.04µm
_04935_,11.04µm
B[5],11.02µm
_00070_,11.02µm
_02175_,11.02µm
_02309_,11.02µm
_02811_,11.02µm
_02962_,11.02µm
_04887_,11.02µm
_04693_,11.005µm
_01679_,11µm
_01790_,11µm
_01956_,11µm
_02271_,11µm
_03298_,11µm
_02633_,10.995µm
_03806_,10.98µm
_00254_,10.96µm
_00588_,10.96µm
_02200_,10.96µm
_02212_,10.96µm
_03473_,10.96µm
_04215_,10.96µm
_04573_,10.96µm
_05034_,10.96µm
_05091_,10.96µm
_05281_,10.96µm
_04401_,10.955µm
_01619_,10.94µm
_03632_,10.94µm
_04447_,10.94µm
_05231_,10.94µm
_01523_,10.92µm
_01624_,10.92µm
_03008_,10.92µm
_04109_,10.92µm
_01795_,10.9µm
_01835_,10.9µm
_03074_,10.9µm
_00112_,10.88µm
_00594_,10.88µm
_01467_,10.88µm
_01831_,10.88µm
_02876_,10.88µm
_03005_,10.88µm
_03103_,10.88µm
_03731_,10.88µm
_04782_,10.88µm
_00517_,10.86µm
_01207_,10.86µm
_00333_,10.84µm
_00775_,10.84µm
_00967_,10.84µm
_01327_,10.84µm
_01531_,10.84µm
_04564_,10.84µm
_04822_,10.84µm
_04974_,10.84µm
_00654_,10.835µm
_00774_,10.82µm
_04242_,10.82µm
_04349_,10.82µm
_05010_,10.82µm
_05259_,10.82µm
_00255_,10.8µm
_03389_,10.8µm
_05024_,10.8µm
_01332_,10.78µm
_01931_,10.78µm
_04472_,10.78µm
_00912_,10.76µm
_01226_,10.76µm
_02003_,10.76µm
_02034_,10.76µm
_02170_,10.76µm
_02570_,10.76µm
_03805_,10.76µm
_04187_,10.76µm
_00159_,10.745µm
_00453_,10.74µm
_00535_,10.74µm
_02301_,10.74µm
_02377_,10.74µm
_04327_,10.74µm
_04599_,10.74µm
_04753_,10.74µm
_00831_,10.72µm
_00932_,10.72µm
_02118_,10.72µm
_02482_,10.72µm
_04203_,10.72µm
_04457_,10.72µm
_05059_,10.72µm
_00064_,10.7µm
_00270_,10.7µm
_00284_,10.7µm
_01028_,10.7µm
_01632_,10.7µm
_01776_,10.7µm
_02558_,10.7µm
_04183_,10.7µm
_05019_,10.7µm
_05291_,10.7µm
_00622_,10.695µm
net140,10.68µm
_04487_,10.665µm
_00469_,10.66µm
_00470_,10.66µm
_01145_,10.66µm
_03815_,10.66µm
_04326_,10.66µm
_04339_,10.66µm
_04613_,10.66µm
_01905_,10.64µm
_02173_,10.64µm
_02458_,10.64µm
_02595_,10.64µm
_03565_,10.64µm
_03832_,10.64µm
_04224_,10.64µm
_04950_,10.64µm
_02380_,10.635µm
_04048_,10.635µm
_00686_,10.63µm
_00844_,10.62µm
_00945_,10.62µm
_01172_,10.62µm
_01559_,10.62µm
_01747_,10.62µm
_02244_,10.62µm
_02930_,10.62µm
_03336_,10.62µm
_03645_,10.62µm
_04310_,10.62µm
_04639_,10.62µm
_04728_,10.62µm
_04880_,10.62µm
_05065_,10.62µm
_00109_,10.6µm
_00282_,10.6µm
_00786_,10.6µm
_01363_,10.6µm
_01748_,10.6µm
_03235_,10.6µm
_04186_,10.6µm
_04630_,10.6µm
_00378_,10.58µm
_05095_,10.58µm
_01890_,10.56µm
_02079_,10.56µm
_04895_,10.55µm
_00405_,10.54µm
_01454_,10.54µm
_01718_,10.54µm
_02009_,10.54µm
_02634_,10.54µm
_02649_,10.54µm
_04099_,10.54µm
_04312_,10.54µm
_04706_,10.54µm
_02917_,10.53µm
_03165_,10.53µm
_02403_,10.52µm
_03279_,10.52µm
_03512_,10.52µm
_05303_,10.52µm
_05304_,10.52µm
_01591_,10.51µm
_00001_,10.5µm
_00244_,10.5µm
_00493_,10.5µm
_00902_,10.5µm
_01361_,10.5µm
_01593_,10.5µm
_01639_,10.5µm
_02359_,10.5µm
_03187_,10.5µm
_03414_,10.5µm
_03623_,10.5µm
_04148_,10.5µm
_05177_,10.5µm
_05236_,10.5µm
_00397_,10.48µm
_01125_,10.48µm
_03820_,10.48µm
_04026_,10.48µm
_04709_,10.46µm
_01686_,10.45µm
_00136_,10.44µm
_00351_,10.44µm
_03763_,10.44µm
_04315_,10.44µm
_00345_,10.42µm
_00393_,10.42µm
_02305_,10.42µm
_02643_,10.42µm
_02704_,10.42µm
_02897_,10.42µm
_04320_,10.42µm
_04322_,10.42µm
_05226_,10.42µm
_05279_,10.42µm
_00939_,10.4µm
_01515_,10.4µm
_01941_,10.4µm
_02266_,10.4µm
_03306_,10.4µm
_01239_,10.38µm
_01300_,10.38µm
_01425_,10.38µm
_01928_,10.38µm
_02584_,10.38µm
_02715_,10.38µm
_02952_,10.38µm
_03024_,10.38µm
_00520_,10.36µm
_02544_,10.36µm
_02913_,10.36µm
_05216_,10.36µm
_01225_,10.34µm
_01246_,10.34µm
_02286_,10.34µm
A[2],10.32µm
A[7],10.32µm
B[20],10.32µm
B[21],10.32µm
B[23],10.32µm
_00479_,10.32µm
_00695_,10.3µm
_00802_,10.3µm
_01461_,10.3µm
_01696_,10.3µm
_03153_,10.3µm
_03231_,10.3µm
_03750_,10.3µm
_04096_,10.3µm
_04525_,10.3µm
_05114_,10.3µm
_00301_,10.28µm
_01808_,10.28µm
_02230_,10.28µm
_02896_,10.28µm
_02983_,10.28µm
_03002_,10.28µm
_03053_,10.28µm
_03324_,10.28µm
_03695_,10.28µm
_04032_,10.28µm
_04043_,10.28µm
_04930_,10.28µm
_05172_,10.28µm
_00175_,10.26µm
_01765_,10.26µm
_02563_,10.26µm
_03067_,10.26µm
_00144_,10.24µm
_02387_,10.24µm
_03232_,10.24µm
_03955_,10.24µm
_04227_,10.24µm
_04300_,10.24µm
_02535_,10.22µm
_04772_,10.22µm
_00356_,10.2µm
_01261_,10.2µm
_03507_,10.2µm
_04963_,10.2µm
_00585_,10.18µm
_00600_,10.18µm
_01631_,10.18µm
_02818_,10.18µm
_04883_,10.18µm
_01689_,10.16µm
_03764_,10.16µm
_04583_,10.16µm
_00319_,10.145µm
_01055_,10.14µm
_02761_,10.14µm
_01725_,10.12µm
_04170_,10.12µm
_04841_,10.12µm
_05040_,10.12µm
_00657_,10.08µm
_00670_,10.08µm
_00823_,10.08µm
_01065_,10.08µm
_02931_,10.08µm
_03184_,10.08µm
_03273_,10.08µm
_03498_,10.08µm
_04607_,10.08µm
net70,10.08µm
_01316_,10.06µm
_02941_,10.06µm
_03427_,10.06µm
_03633_,10.06µm
_03938_,10.06µm
_04022_,10.06µm
_00651_,10.04µm
_01926_,10.04µm
_02142_,10.04µm
_02384_,10.04µm
_02485_,10.04µm
_02550_,10.04µm
_02870_,10.04µm
_03049_,10.04µm
_03521_,10.04µm
_03839_,10.04µm
_04410_,10.04µm
_04642_,10.04µm
_05109_,10.04µm
_01635_,10.02µm
_04695_,10.02µm
_04958_,10.02µm
_01076_,10µm
_01728_,10µm
_03758_,10µm
_04805_,10µm
_00869_,9.96µm
_00879_,9.96µm
_00987_,9.96µm
_02137_,9.96µm
_02148_,9.96µm
_02389_,9.96µm
_02625_,9.96µm
_02658_,9.96µm
_03173_,9.96µm
_03660_,9.96µm
_03843_,9.96µm
_04031_,9.96µm
_00029_,9.94µm
_00218_,9.94µm
_00269_,9.94µm
_01566_,9.94µm
_02934_,9.94µm
_03544_,9.94µm
_03614_,9.94µm
_04093_,9.94µm
_04278_,9.94µm
_04371_,9.94µm
_01400_,9.92µm
_01683_,9.92µm
_04019_,9.92µm
_04028_,9.92µm
_04730_,9.92µm
_00060_,9.9µm
_01298_,9.9µm
_01430_,9.9µm
_03457_,9.9µm
_04984_,9.9µm
C[52],9.88µm
_00278_,9.88µm
_01087_,9.88µm
_03458_,9.88µm
A[3],9.86µm
_01618_,9.86µm
_01912_,9.86µm
_00004_,9.84µm
_01518_,9.84µm
_01677_,9.84µm
_02521_,9.84µm
_02750_,9.84µm
_03088_,9.84µm
_03786_,9.84µm
_04811_,9.84µm
_00968_,9.82µm
_01947_,9.82µm
_02329_,9.82µm
_02401_,9.82µm
_02432_,9.82µm
_02520_,9.82µm
_02600_,9.82µm
_02781_,9.82µm
_02961_,9.82µm
_03942_,9.82µm
_04394_,9.82µm
net158,9.82µm
_00788_,9.8µm
_01141_,9.8µm
_01265_,9.8µm
_01768_,9.8µm
_02775_,9.8µm
_02954_,9.8µm
_03090_,9.8µm
_04267_,9.8µm
_00045_,9.78µm
_00075_,9.78µm
_00336_,9.78µm
_00957_,9.78µm
_00991_,9.78µm
_01948_,9.78µm
_02515_,9.78µm
_02990_,9.78µm
_03057_,9.78µm
_03188_,9.78µm
_03799_,9.78µm
_05225_,9.78µm
_01893_,9.76µm
_02724_,9.76µm
_00527_,9.74µm
net153,9.74µm
_00619_,9.72µm
_00799_,9.72µm
_01237_,9.72µm
_01423_,9.72µm
_01708_,9.72µm
_02104_,9.72µm
_02313_,9.72µm
_02871_,9.72µm
_02909_,9.72µm
_02967_,9.72µm
_04943_,9.72µm
_00055_,9.7µm
_00563_,9.7µm
_00797_,9.7µm
_01878_,9.7µm
_01902_,9.7µm
_02217_,9.7µm
_02331_,9.7µm
_03332_,9.7µm
_03745_,9.7µm
_04808_,9.7µm
_05135_,9.7µm
_02560_,9.68µm
_04474_,9.68µm
_05032_,9.68µm
_00832_,9.67µm
_01275_,9.66µm
_04572_,9.66µm
_04557_,9.655µm
_01877_,9.645µm
A[28],9.64µm
A[31],9.64µm
C[28],9.64µm
C[29],9.64µm
C[30],9.64µm
C[31],9.64µm
C[32],9.64µm
C[33],9.64µm
C[36],9.64µm
C[37],9.64µm
_01491_,9.64µm
_02375_,9.64µm
_05121_,9.64µm
_00025_,9.62µm
_00956_,9.62µm
_01774_,9.62µm
_02382_,9.62µm
_02729_,9.62µm
_03825_,9.62µm
_03974_,9.62µm
_04182_,9.62µm
_04464_,9.62µm
_04674_,9.62µm
_04846_,9.62µm
_05294_,9.62µm
_01825_,9.6µm
_02239_,9.6µm
_02903_,9.6µm
_03471_,9.6µm
_04749_,9.6µm
_05009_,9.6µm
_03780_,9.595µm
_01565_,9.585µm
_00882_,9.58µm
_01891_,9.58µm
_01920_,9.58µm
_02105_,9.58µm
_02748_,9.58µm
_02868_,9.58µm
_04793_,9.58µm
_05125_,9.58µm
_03409_,9.56µm
_00024_,9.55µm
_00120_,9.55µm
_01153_,9.54µm
_01833_,9.54µm
_02122_,9.54µm
A[6],9.52µm
B[18],9.52µm
B[22],9.52µm
_03725_,9.52µm
_00068_,9.51µm
_00441_,9.5µm
_01338_,9.5µm
_02783_,9.5µm
_03300_,9.5µm
_03967_,9.5µm
_04101_,9.5µm
_02393_,9.495µm
_00034_,9.48µm
_00475_,9.48µm
_02261_,9.48µm
_02499_,9.48µm
_02826_,9.48µm
_03417_,9.48µm
_04105_,9.48µm
_04413_,9.48µm
_04261_,9.475µm
_00161_,9.46µm
_00911_,9.46µm
_01157_,9.46µm
_01985_,9.46µm
_02315_,9.46µm
_03646_,9.46µm
_03768_,9.46µm
_04179_,9.46µm
_04493_,9.46µm
_04896_,9.46µm
_04976_,9.46µm
_03983_,9.45µm
_00153_,9.44µm
_00985_,9.44µm
_01160_,9.44µm
_01966_,9.44µm
_02759_,9.44µm
_03030_,9.44µm
_03496_,9.44µm
_03904_,9.44µm
_04375_,9.44µm
_04504_,9.44µm
_04905_,9.44µm
C[45],9.43µm
C[60],9.42µm
_01244_,9.42µm
_01550_,9.42µm
_02695_,9.42µm
_04253_,9.42µm
A[1],9.4µm
A[5],9.4µm
_01278_,9.4µm
_01596_,9.4µm
_01824_,9.4µm
_03065_,9.4µm
_03104_,9.4µm
_00431_,9.38µm
_00718_,9.38µm
_01034_,9.38µm
_01579_,9.38µm
_01938_,9.38µm
_04003_,9.38µm
_04724_,9.38µm
_04781_,9.38µm
_02741_,9.365µm
_00480_,9.36µm
_00505_,9.36µm
_00907_,9.36µm
_00990_,9.36µm
_01151_,9.36µm
_01567_,9.36µm
_01869_,9.36µm
_02701_,9.36µm
_02849_,9.36µm
_02858_,9.36µm
_02991_,9.36µm
_03322_,9.36µm
_03540_,9.36µm
_03571_,9.36µm
_03627_,9.36µm
_03719_,9.36µm
_04258_,9.36µm
_04376_,9.36µm
_04575_,9.36µm
_04865_,9.36µm
_04908_,9.36µm
_00053_,9.35µm
_04159_,9.335µm
_00500_,9.32µm
_01952_,9.32µm
_04219_,9.32µm
_05130_,9.32µm
_05139_,9.32µm
_05185_,9.32µm
_03062_,9.31µm
_02070_,9.3µm
_02128_,9.3µm
_02668_,9.3µm
_04873_,9.285µm
_00347_,9.28µm
_00432_,9.28µm
_01405_,9.28µm
_01496_,9.28µm
_01955_,9.28µm
_02706_,9.28µm
_03563_,9.28µm
_04155_,9.28µm
_04274_,9.28µm
_04875_,9.28µm
_05026_,9.28µm
_00375_,9.26µm
_00436_,9.26µm
_01272_,9.26µm
_02372_,9.26µm
_02582_,9.26µm
_02839_,9.26µm
_02850_,9.26µm
_03425_,9.26µm
_03624_,9.26µm
_05049_,9.26µm
_05086_,9.26µm
_01015_,9.25µm
_04559_,9.25µm
_00110_,9.24µm
_01026_,9.24µm
_01793_,9.24µm
_01963_,9.24µm
_01997_,9.24µm
_02147_,9.24µm
_02455_,9.24µm
_02604_,9.24µm
_02803_,9.24µm
_02829_,9.24µm
_03431_,9.24µm
_03459_,9.24µm
_03676_,9.24µm
_04418_,9.24µm
_04681_,9.24µm
_04755_,9.24µm
_00416_,9.22µm
_04554_,9.22µm
C[47],9.21µm
_01474_,9.2µm
_03810_,9.2µm
_00057_,9.195µm
B[4],9.18µm
C[34],9.18µm
C[35],9.18µm
_01183_,9.18µm
_01706_,9.18µm
_04632_,9.18µm
_04962_,9.18µm
_00102_,9.16µm
_00507_,9.16µm
_01733_,9.16µm
_02559_,9.16µm
_02626_,9.16µm
_04165_,9.16µm
_04778_,9.16µm
_04820_,9.16µm
_05038_,9.16µm
_01318_,9.14µm
_01407_,9.14µm
_05199_,9.14µm
_00503_,9.12µm
_00589_,9.12µm
_01095_,9.12µm
_01176_,9.12µm
_01584_,9.12µm
_03237_,9.12µm
_03551_,9.12µm
_04398_,9.12µm
_05211_,9.12µm
_05254_,9.12µm
_00243_,9.1µm
_02296_,9.095µm
_00184_,9.08µm
_01829_,9.08µm
_03469_,9.08µm
_03802_,9.08µm
_02705_,9.065µm
_01836_,9.06µm
_00069_,9.04µm
_00655_,9.04µm
_01070_,9.04µm
_01254_,9.04µm
_01420_,9.04µm
_02007_,9.04µm
_02700_,9.04µm
_02827_,9.04µm
_03142_,9.04µm
_03318_,9.04µm
_03444_,9.04µm
_04041_,9.04µm
_04429_,9.04µm
_04653_,9.04µm
_00567_,9.02µm
_00865_,9.02µm
_01431_,9.02µm
_01562_,9.02µm
_01827_,9.02µm
_03035_,9.02µm
_03116_,9.02µm
_04620_,9.02µm
_04757_,9.02µm
_05195_,9.02µm
_00533_,9µm
_01536_,9µm
_02229_,9µm
_02848_,9µm
_03310_,9µm
_01379_,8.98µm
_02683_,8.98µm
_03876_,8.98µm
_02363_,8.97µm
_03164_,8.97µm
C[10],8.96µm
C[11],8.96µm
C[48],8.96µm
C[49],8.96µm
C[51],8.96µm
C[53],8.96µm
C[54],8.96µm
C[55],8.96µm
C[56],8.96µm
C[57],8.96µm
C[58],8.96µm
C[59],8.96µm
C[5],8.96µm
C[62],8.96µm
C[63],8.96µm
C[6],8.96µm
C[7],8.96µm
C[8],8.96µm
C[9],8.96µm
_00536_,8.96µm
_01105_,8.96µm
_02291_,8.96µm
_02572_,8.96µm
_04591_,8.96µm
_04655_,8.96µm
_04813_,8.96µm
_00005_,8.94µm
_01035_,8.94µm
_04208_,8.94µm
_02410_,8.93µm
_00095_,8.92µm
_00209_,8.92µm
_00816_,8.92µm
_01147_,8.92µm
_02056_,8.92µm
_02687_,8.92µm
_02760_,8.92µm
_03751_,8.92µm
_01119_,8.905µm
_00116_,8.9µm
_00482_,8.9µm
_00733_,8.9µm
_00961_,8.9µm
_01493_,8.9µm
_02684_,8.9µm
_03031_,8.9µm
_03320_,8.9µm
_03404_,8.9µm
_03412_,8.9µm
_03416_,8.9µm
_03428_,8.9µm
_03460_,8.9µm
_04184_,8.9µm
_04204_,8.9µm
_04957_,8.9µm
_00581_,8.88µm
_01976_,8.88µm
_02236_,8.88µm
_03178_,8.88µm
_03289_,8.88µm
_03350_,8.88µm
_04555_,8.865µm
_00065_,8.86µm
_00366_,8.86µm
_03385_,8.86µm
_03602_,8.86µm
A[19],8.84µm
A[24],8.84µm
A[25],8.84µm
A[29],8.84µm
B[6],8.84µm
B[7],8.84µm
_02030_,8.84µm
_02074_,8.84µm
_03662_,8.83µm
_00106_,8.82µm
_00509_,8.82µm
_01451_,8.82µm
_01546_,8.82µm
_01605_,8.82µm
_01943_,8.82µm
_02552_,8.82µm
_03249_,8.82µm
_03871_,8.82µm
_03946_,8.82µm
_03949_,8.82µm
_04443_,8.82µm
_04549_,8.82µm
_00587_,8.8µm
_00930_,8.8µm
_01613_,8.8µm
_02159_,8.8µm
_02602_,8.8µm
_02766_,8.8µm
_02804_,8.8µm
_02819_,8.8µm
_03096_,8.8µm
_03959_,8.8µm
_04786_,8.8µm
_01354_,8.78µm
_01414_,8.78µm
_02328_,8.78µm
_02494_,8.78µm
_03000_,8.78µm
_03201_,8.78µm
_03224_,8.78µm
_03251_,8.78µm
_03309_,8.78µm
_03370_,8.78µm
_03445_,8.78µm
_03779_,8.78µm
_03783_,8.78µm
_04348_,8.78µm
_04842_,8.78µm
_04920_,8.78µm
_00620_,8.76µm
_00976_,8.76µm
_01494_,8.76µm
_01691_,8.76µm
_05212_,8.76µm
_01983_,8.75µm
_00920_,8.74µm
_03230_,8.74µm
A[20],8.72µm
A[21],8.72µm
A[22],8.72µm
A[23],8.72µm
A[26],8.72µm
A[27],8.72µm
A[30],8.72µm
B[0],8.72µm
B[1],8.72µm
_00648_,8.72µm
_02032_,8.72µm
_00273_,8.7µm
_00409_,8.7µm
_01049_,8.7µm
_03448_,8.7µm
_03607_,8.7µm
_03721_,8.7µm
_04272_,8.7µm
_04393_,8.7µm
_01577_,8.68µm
_05107_,8.68µm
_00276_,8.66µm
_00350_,8.66µm
_00501_,8.66µm
_00727_,8.66µm
_00853_,8.66µm
_01313_,8.66µm
_02495_,8.66µm
_03204_,8.66µm
_05060_,8.66µm
_05285_,8.66µm
_00631_,8.64µm
_03084_,8.62µm
_04392_,8.62µm
_00353_,8.6µm
_03157_,8.6µm
_00016_,8.58µm
_00821_,8.58µm
_02280_,8.58µm
_03068_,8.58µm
_03842_,8.58µm
_04819_,8.58µm
_05272_,8.58µm
_04711_,8.57µm
_00063_,8.56µm
_00421_,8.56µm
_00901_,8.56µm
_01886_,8.56µm
_02022_,8.56µm
_02623_,8.56µm
_03680_,8.56µm
_03718_,8.56µm
_00623_,8.54µm
_02077_,8.54µm
_02549_,8.54µm
_03028_,8.54µm
_03405_,8.54µm
_03620_,8.54µm
_05039_,8.54µm
_05041_,8.54µm
_00162_,8.52µm
_01775_,8.52µm
_02616_,8.52µm
_02680_,8.52µm
_02779_,8.52µm
_04934_,8.52µm
C[50],8.5µm
C[61],8.5µm
_01374_,8.5µm
_01879_,8.5µm
_03684_,8.5µm
_04925_,8.5µm
_02719_,8.485µm
_04948_,8.485µm
_01080_,8.48µm
_01097_,8.48µm
_01118_,8.48µm
_03083_,8.48µm
_03233_,8.48µm
_04334_,8.48µm
_04665_,8.48µm
_04712_,8.48µm
_05186_,8.48µm
_01021_,8.46µm
_01078_,8.46µm
_01370_,8.46µm
_01382_,8.46µm
_01602_,8.46µm
_02171_,8.46µm
_02272_,8.46µm
_02306_,8.46µm
_03012_,8.46µm
_03664_,8.46µm
_04201_,8.46µm
_01385_,8.445µm
_00093_,8.44µm
_00528_,8.44µm
_00650_,8.44µm
_00812_,8.44µm
_00852_,8.44µm
_01088_,8.44µm
_01263_,8.44µm
_01444_,8.44µm
_01915_,8.44µm
_01971_,8.44µm
_02123_,8.44µm
_03124_,8.44µm
_03220_,8.44µm
_03295_,8.44µm
_04886_,8.44µm
_05192_,8.44µm
_02158_,8.42µm
_02376_,8.42µm
_03284_,8.42µm
_04688_,8.42µm
_02433_,8.41µm
_03089_,8.41µm
_00051_,8.4µm
_02257_,8.4µm
_03397_,8.4µm
_03868_,8.4µm
_04673_,8.4µm
_05247_,8.4µm
_00645_,8.38µm
_02872_,8.38µm
_03344_,8.38µm
_03584_,8.38µm
_00291_,8.36µm
_00605_,8.36µm
_00762_,8.36µm
_00763_,8.36µm
_01256_,8.36µm
_01303_,8.36µm
_01615_,8.36µm
_01988_,8.36µm
_02180_,8.36µm
_02195_,8.36µm
_02946_,8.36µm
_03180_,8.36µm
_04110_,8.36µm
_04212_,8.36µm
_04490_,8.36µm
_05224_,8.36µm
_05264_,8.355µm
_00039_,8.34µm
_00424_,8.34µm
_00532_,8.34µm
_03423_,8.34µm
_03455_,8.34µm
_03675_,8.34µm
_04052_,8.34µm
_05036_,8.34µm
_05073_,8.34µm
_00281_,8.32µm
_00465_,8.32µm
_00959_,8.32µm
_01022_,8.32µm
_01365_,8.32µm
_01653_,8.32µm
_01949_,8.32µm
_01965_,8.32µm
_02288_,8.32µm
_02566_,8.32µm
_02959_,8.32µm
_03312_,8.32µm
_03683_,8.32µm
_04016_,8.32µm
_04758_,8.32µm
_04894_,8.32µm
_04960_,8.32µm
_00758_,8.3µm
_03143_,8.3µm
_04077_,8.3µm
_02406_,8.29µm
B[2],8.26µm
_02145_,8.26µm
_04448_,8.26µm
_01342_,8.24µm
_01568_,8.24µm
_02001_,8.24µm
_02098_,8.24µm
_02240_,8.24µm
_02541_,8.24µm
_02793_,8.24µm
_03275_,8.24µm
_03529_,8.24µm
_03686_,8.24µm
_03875_,8.24µm
_03990_,8.24µm
_04038_,8.24µm
_04173_,8.24µm
_04174_,8.24µm
_04246_,8.24µm
_04255_,8.24µm
_04266_,8.24µm
_04279_,8.24µm
_04306_,8.24µm
_04690_,8.24µm
_04470_,8.23µm
_00875_,8.22µm
_01826_,8.22µm
_01848_,8.22µm
_04696_,8.22µm
_04902_,8.22µm
_00699_,8.2µm
_01652_,8.2µm
_02497_,8.2µm
_02548_,8.2µm
_03134_,8.2µm
_03688_,8.2µm
_03765_,8.2µm
_04812_,8.2µm
_04956_,8.2µm
_05064_,8.2µm
_05176_,8.2µm
_00638_,8.18µm
_01135_,8.18µm
_04637_,8.18µm
_01282_,8.16µm
_02423_,8.16µm
_03179_,8.16µm
_05103_,8.16µm
_04017_,8.15µm
_04265_,8.14µm
_01161_,8.125µm
_00067_,8.12µm
_00425_,8.12µm
_00687_,8.12µm
_00803_,8.12µm
_00817_,8.12µm
_00840_,8.12µm
_02110_,8.12µm
_02304_,8.12µm
_02405_,8.12µm
_02755_,8.12µm
_02907_,8.12µm
_03682_,8.12µm
_05043_,8.12µm
_00097_,8.105µm
_01252_,8.1µm
_01473_,8.1µm
_01495_,8.1µm
_02164_,8.1µm
_02320_,8.1µm
_03331_,8.1µm
_03484_,8.1µm
_03693_,8.1µm
_03900_,8.1µm
_03950_,8.1µm
_04103_,8.1µm
_04365_,8.1µm
_04615_,8.1µm
_05270_,8.1µm
_02395_,8.09µm
_00701_,8.08µm
_01082_,8.08µm
_04439_,8.08µm
_04784_,8.08µm
_04924_,8.08µm
_00174_,8.07µm
_00766_,8.06µm
_02415_,8.06µm
_02776_,8.06µm
_02965_,8.06µm
_04144_,8.06µm
_04336_,8.06µm
_04427_,8.06µm
_00843_,8.04µm
_01991_,8.04µm
_02339_,8.04µm
_02911_,8.04µm
_03442_,8.04µm
_03583_,8.04µm
_05123_,8.04µm
_00573_,8.02µm
_01276_,8.02µm
_02006_,8.02µm
_02103_,8.02µm
_02421_,8.02µm
_02534_,8.02µm
_02786_,8.02µm
_02863_,8.02µm
_03131_,8.02µm
_04419_,8.02µm
_00580_,8µm
_00914_,8µm
_02617_,8µm
_02651_,8µm
_03429_,8µm
_03854_,8µm
_03978_,8µm
_04116_,8µm
_04729_,8µm
_04993_,8µm
_05028_,8µm
_05277_,8µm
_03590_,7.985µm
_00160_,7.98µm
_00676_,7.98µm
_01132_,7.98µm
_01267_,7.98µm
_01418_,7.98µm
_01843_,7.98µm
_01919_,7.98µm
_02824_,7.98µm
_03080_,7.98µm
_03280_,7.98µm
_03494_,7.98µm
_03707_,7.98µm
_04851_,7.98µm
_00260_,7.96µm
_01821_,7.96µm
_00390_,7.94µm
_01218_,7.94µm
_01669_,7.94µm
_03186_,7.94µm
_04878_,7.94µm
_01177_,7.92µm
_01390_,7.92µm
_01797_,7.92µm
_02139_,7.92µm
_04683_,7.92µm
_05219_,7.92µm
_00862_,7.905µm
_00108_,7.9µm
_00166_,7.9µm
_01416_,7.9µm
_01676_,7.9µm
_01756_,7.9µm
_01977_,7.9µm
_02430_,7.9µm
_04237_,7.9µm
_04682_,7.9µm
_04850_,7.9µm
_05183_,7.9µm
_05197_,7.9µm
_03730_,7.89µm
_04501_,7.885µm
_00538_,7.88µm
_00904_,7.88µm
_01020_,7.88µm
_01810_,7.88µm
_04496_,7.88µm
_05092_,7.88µm
_04795_,7.865µm
_00230_,7.86µm
_01019_,7.86µm
_01502_,7.86µm
_02736_,7.86µm
_02953_,7.86µm
_03145_,7.86µm
_04097_,7.86µm
_04280_,7.86µm
_05160_,7.86µm
_03033_,7.84µm
_03210_,7.84µm
_04541_,7.84µm
_00043_,7.82µm
_01220_,7.81µm
_00668_,7.8µm
_00942_,7.8µm
_02606_,7.8µm
net154,7.8µm
C[21],7.79µm
_00374_,7.78µm
_00454_,7.78µm
_01067_,7.78µm
_01096_,7.78µm
_01149_,7.78µm
_01373_,7.78µm
_02593_,7.78µm
_03619_,7.78µm
_03653_,7.78µm
_04065_,7.78µm
_04361_,7.78µm
_04692_,7.78µm
_05190_,7.78µm
_00339_,7.76µm
_00590_,7.76µm
_00933_,7.76µm
_01174_,7.76µm
_02902_,7.76µm
_03162_,7.76µm
_03651_,7.76µm
_04629_,7.76µm
_00010_,7.74µm
_00787_,7.74µm
_01243_,7.74µm
_01255_,7.74µm
_01262_,7.74µm
_01796_,7.74µm
_02205_,7.74µm
_02500_,7.74µm
_04540_,7.74µm
_04635_,7.74µm
_04877_,7.74µm
_04959_,7.74µm
_05169_,7.74µm
_00652_,7.72µm
_01736_,7.72µm
_02540_,7.71µm
_00406_,7.7µm
_01083_,7.7µm
_01980_,7.7µm
_03760_,7.7µm
_05306_,7.7µm
_00371_,7.68µm
_00994_,7.68µm
_01783_,7.68µm
_02846_,7.68µm
_04125_,7.68µm
_02475_,7.67µm
_04660_,7.67µm
_00083_,7.66µm
_00183_,7.66µm
_00210_,7.66µm
_00513_,7.66µm
_00561_,7.66µm
_01048_,7.66µm
_01186_,7.66µm
_01216_,7.66µm
_01471_,7.66µm
_02590_,7.66µm
_02718_,7.66µm
_02738_,7.66µm
_02792_,7.66µm
_02856_,7.66µm
_02880_,7.66µm
_03772_,7.66µm
_03851_,7.66µm
_04332_,7.66µm
_05012_,7.66µm
_05097_,7.66µm
_05115_,7.66µm
_00238_,7.64µm
_00856_,7.64µm
_01116_,7.64µm
_01221_,7.64µm
_01253_,7.64µm
_01585_,7.64µm
_02165_,7.64µm
_02292_,7.64µm
_02772_,7.64µm
_02851_,7.64µm
_02963_,7.64µm
_03154_,7.64µm
_02161_,7.62µm
_05194_,7.6µm
_00974_,7.58µm
_04676_,7.58µm
_00047_,7.56µm
_00330_,7.56µm
_01435_,7.56µm
_01981_,7.56µm
_02179_,7.56µm
_02255_,7.56µm
_02333_,7.56µm
_03043_,7.56µm
_04588_,7.56µm
_04829_,7.56µm
_00000_,7.54µm
_00225_,7.54µm
_00246_,7.54µm
_00726_,7.54µm
_01188_,7.54µm
_01321_,7.54µm
_01580_,7.54µm
_01693_,7.54µm
_02928_,7.54µm
_03101_,7.54µm
_04070_,7.54µm
_04830_,7.54µm
_05122_,7.54µm
_05208_,7.54µm
_00032_,7.52µm
_01110_,7.52µm
_01356_,7.52µm
_01781_,7.52µm
_02121_,7.52µm
_02129_,7.52µm
_02984_,7.52µm
_03411_,7.52µm
_03560_,7.52µm
_03767_,7.52µm
_03893_,7.52µm
_04240_,7.52µm
_04598_,7.52µm
_04953_,7.52µm
_03945_,7.51µm
_03934_,7.47µm
_00376_,7.46µm
_02526_,7.46µm
_03346_,7.46µm
_03531_,7.46µm
_00165_,7.44µm
_00693_,7.44µm
_01008_,7.44µm
_01030_,7.44µm
_01481_,7.44µm
_01529_,7.44µm
_01690_,7.44µm
_02069_,7.44µm
_02090_,7.44µm
_03321_,7.44µm
_03415_,7.44µm
_03548_,7.44µm
_03566_,7.44µm
_03885_,7.44µm
_04055_,7.44µm
_04160_,7.44µm
_04556_,7.44µm
_05031_,7.44µm
_05134_,7.44µm
net74,7.44µm
_00709_,7.42µm
_01025_,7.42µm
_01336_,7.42µm
_02066_,7.42µm
_03717_,7.42µm
_04579_,7.42µm
_04952_,7.42µm
_00111_,7.4µm
_00346_,7.4µm
_00753_,7.4µm
_01482_,7.4µm
_02289_,7.4µm
_03690_,7.4µm
_03804_,7.4µm
_04762_,7.4µm
_05173_,7.4µm
_01324_,7.38µm
_02916_,7.38µm
_04354_,7.38µm
_01457_,7.34µm
_00009_,7.32µm
_00205_,7.32µm
_00334_,7.32µm
_00391_,7.32µm
_00413_,7.32µm
_00575_,7.32µm
_00642_,7.32µm
_00679_,7.32µm
_00696_,7.32µm
_01726_,7.32µm
_01969_,7.32µm
_02470_,7.32µm
_02488_,7.32µm
_02801_,7.32µm
_03025_,7.32µm
_03048_,7.32µm
_03613_,7.32µm
_03923_,7.32µm
_04141_,7.32µm
_04791_,7.32µm
_05112_,7.32µm
_05305_,7.32µm
_00440_,7.3µm
_03399_,7.3µm
_03933_,7.3µm
_04286_,7.3µm
_04707_,7.3µm
_05170_,7.285µm
_01288_,7.28µm
_01968_,7.28µm
_02806_,7.28µm
_03637_,7.28µm
_04647_,7.28µm
_04876_,7.28µm
_00915_,7.24µm
_02739_,7.24µm
_00716_,7.23µm
_00665_,7.22µm
_01169_,7.22µm
_01917_,7.22µm
_02417_,7.22µm
_02844_,7.22µm
_03128_,7.22µm
_04221_,7.22µm
_04458_,7.22µm
_04619_,7.22µm
_04884_,7.22µm
_05104_,7.22µm
_05191_,7.22µm
_00078_,7.2µm
_00713_,7.2µm
_01181_,7.2µm
_01341_,7.2µm
_01511_,7.2µm
_03004_,7.2µm
_03014_,7.2µm
_03078_,7.2µm
_03603_,7.2µm
_04087_,7.2µm
_04100_,7.2µm
_04137_,7.2µm
_04269_,7.2µm
_04353_,7.2µm
_04469_,7.2µm
_04742_,7.2µm
_05244_,7.2µm
_00049_,7.18µm
_00498_,7.18µm
_00614_,7.18µm
_00706_,7.18µm
_00923_,7.18µm
_01459_,7.18µm
_01597_,7.18µm
_02155_,7.18µm
_02207_,7.18µm
_03161_,7.18µm
_03528_,7.18µm
_03588_,7.18µm
_04357_,7.18µm
_04480_,7.18µm
_05105_,7.18µm
_05235_,7.18µm
_00582_,7.16µm
_04954_,7.14µm
_00444_,7.12µm
_00906_,7.12µm
_01121_,7.12µm
_01911_,7.12µm
_02094_,7.12µm
_02676_,7.12µm
_02685_,7.12µm
_04743_,7.12µm
C[19],7.11µm
_00792_,7.1µm
_00801_,7.1µm
_01264_,7.1µm
_01918_,7.1µm
_01973_,7.1µm
_03118_,7.1µm
_03790_,7.1µm
_04072_,7.1µm
_04233_,7.1µm
_05005_,7.1µm
_05035_,7.1µm
_03840_,7.09µm
_00197_,7.08µm
_00275_,7.08µm
_00551_,7.08µm
_01013_,7.08µm
_02391_,7.08µm
_02436_,7.08µm
_02477_,7.08µm
_02749_,7.08µm
_03042_,7.08µm
_03811_,7.08µm
_04700_,7.08µm
_04839_,7.08µm
_04882_,7.08µm
_00259_,7.06µm
_00340_,7.06µm
_00385_,7.06µm
_00555_,7.06µm
_00565_,7.06µm
_00578_,7.06µm
_00800_,7.06µm
_01112_,7.06µm
_01224_,7.06µm
_01794_,7.06µm
_03527_,7.06µm
_03864_,7.06µm
_03928_,7.06µm
_04130_,7.06µm
_04341_,7.06µm
_04998_,7.06µm
_05077_,7.06µm
_01636_,7.04µm
_01386_,7.03µm
_04826_,7.01µm
_00150_,7µm
_00539_,7µm
_00586_,7µm
_02752_,7µm
_03984_,7µm
_04858_,7µm
_04885_,7µm
_00131_,6.98µm
_00449_,6.98µm
_00859_,6.98µm
_01063_,6.98µm
_01297_,6.98µm
_01572_,6.98µm
_01583_,6.98µm
_02645_,6.98µm
_02798_,6.98µm
_02852_,6.98µm
_03297_,6.98µm
_03317_,6.98µm
_03408_,6.98µm
_03813_,6.98µm
_04005_,6.98µm
_04115_,6.98µm
_04390_,6.98µm
_04431_,6.98µm
_04759_,6.98µm
_04770_,6.98µm
_04992_,6.98µm
_05220_,6.98µm
_00864_,6.965µm
_01640_,6.96µm
_01859_,6.96µm
_02002_,6.96µm
_02881_,6.96µm
_03502_,6.96µm
_03559_,6.96µm
_04136_,6.96µm
_04314_,6.96µm
_00720_,6.94µm
_00847_,6.94µm
_01099_,6.94µm
_01205_,6.94µm
_01857_,6.94µm
_02020_,6.94µm
_02221_,6.94µm
_02383_,6.94µm
_02805_,6.94µm
_03029_,6.94µm
_04200_,6.94µm
_05129_,6.94µm
_05260_,6.94µm
_02260_,6.935µm
_00021_,6.93µm
_01308_,6.92µm
_00684_,6.88µm
_02733_,6.88µm
_00171_,6.86µm
_00199_,6.86µm
_00677_,6.86µm
_00883_,6.86µm
_00922_,6.86µm
_00984_,6.86µm
_01140_,6.86µm
_01375_,6.86µm
_01427_,6.86µm
_02222_,6.86µm
_02268_,6.86µm
_02708_,6.86µm
_03202_,6.86µm
_03592_,6.86µm
_04403_,6.86µm
_04661_,6.86µm
_04780_,6.86µm
_04890_,6.86µm
_00435_,6.84µm
_02364_,6.84µm
net143,6.84µm
_01804_,6.82µm
_01834_,6.82µm
_02615_,6.82µm
_02673_,6.82µm
_04071_,6.82µm
_04736_,6.82µm
_05001_,6.82µm
_03981_,6.8µm
_00952_,6.79µm
_01359_,6.79µm
_01906_,6.78µm
_05117_,6.78µm
A[11],6.77µm
_00694_,6.76µm
_01120_,6.76µm
_01620_,6.76µm
_03313_,6.76µm
_03737_,6.76µm
_03793_,6.76µm
_03861_,6.76µm
_03977_,6.76µm
_04391_,6.76µm
_00268_,6.74µm
_00658_,6.74µm
_00734_,6.74µm
_01005_,6.74µm
_01311_,6.74µm
_02084_,6.74µm
_02125_,6.74µm
_02279_,6.74µm
_02314_,6.74µm
_02392_,6.74µm
_02640_,6.74µm
_03087_,6.74µm
_03424_,6.74µm
_03555_,6.74µm
_04453_,6.74µm
_04465_,6.74µm
_04489_,6.74µm
_04530_,6.74µm
_04844_,6.74µm
_04868_,6.74µm
_04926_,6.74µm
net130,6.74µm
_00485_,6.72µm
_00824_,6.72µm
_01284_,6.72µm
_01684_,6.72µm
_01840_,6.72µm
_01883_,6.72µm
_02026_,6.72µm
_02232_,6.72µm
_02371_,6.72µm
_02613_,6.72µm
_03386_,6.72µm
_03474_,6.72µm
_03694_,6.72µm
_03784_,6.72µm
_04928_,6.72µm
_05013_,6.72µm
_05093_,6.72µm
_00552_,6.7µm
_02788_,6.7µm
_01258_,6.68µm
_02601_,6.67µm
_02223_,6.66µm
_02431_,6.66µm
_04347_,6.66µm
_04571_,6.66µm
_04723_,6.66µm
_04776_,6.66µm
_00146_,6.64µm
_00300_,6.64µm
_00420_,6.64µm
_01074_,6.64µm
_01227_,6.64µm
_01470_,6.64µm
_01697_,6.64µm
_01812_,6.64µm
_02115_,6.64µm
_02227_,6.64µm
_02413_,6.64µm
_02935_,6.64µm
_02947_,6.64µm
_03756_,6.64µm
_03844_,6.64µm
_04834_,6.64µm
_05072_,6.64µm
_05108_,6.64µm
_05147_,6.64µm
_05184_,6.64µm
_00316_,6.62µm
_00553_,6.62µm
_00849_,6.62µm
_00947_,6.62µm
_00997_,6.62µm
_01413_,6.62µm
_01651_,6.62µm
_01792_,6.62µm
_03194_,6.62µm
_03337_,6.62µm
_04329_,6.62µm
_04699_,6.62µm
_04864_,6.62µm
_05096_,6.62µm
_05274_,6.62µm
_03515_,6.61µm
_00088_,6.6µm
_00126_,6.6µm
_00546_,6.6µm
_00572_,6.6µm
_00819_,6.6µm
_00982_,6.6µm
_00993_,6.6µm
_01250_,6.6µm
_01702_,6.6µm
_01730_,6.6µm
_01770_,6.6µm
_01958_,6.6µm
_01974_,6.6µm
_02694_,6.6µm
_02812_,6.6µm
_02814_,6.6µm
_03410_,6.6µm
_03534_,6.6µm
_03554_,6.6µm
_03757_,6.6µm
_03853_,6.6µm
_04015_,6.6µm
_01058_,6.58µm
_01406_,6.58µm
_05053_,6.58µm
C[42],6.55µm
_00672_,6.54µm
_01123_,6.54µm
_01766_,6.54µm
_02310_,6.54µm
_02456_,6.54µm
_04264_,6.54µm
_04627_,6.54µm
_05168_,6.54µm
_04871_,6.525µm
_00071_,6.52µm
_00080_,6.52µm
_00179_,6.52µm
_00402_,6.52µm
_00526_,6.52µm
_00965_,6.52µm
_01108_,6.52µm
_01312_,6.52µm
_01533_,6.52µm
_01554_,6.52µm
_01622_,6.52µm
_01914_,6.52µm
_02059_,6.52µm
_02197_,6.52µm
_02336_,6.52µm
_02789_,6.52µm
_03022_,6.52µm
_03272_,6.52µm
_03396_,6.52µm
_03545_,6.52µm
_03857_,6.52µm
_04021_,6.52µm
_04482_,6.52µm
_04744_,6.52µm
_04774_,6.52µm
_04779_,6.52µm
_04965_,6.52µm
_04982_,6.52µm
_01644_,6.515µm
_03855_,6.505µm
_00656_,6.5µm
_00969_,6.5µm
_02037_,6.5µm
_02631_,6.5µm
_03883_,6.5µm
_04721_,6.5µm
_04867_,6.5µm
_03400_,6.495µm
_04044_,6.49µm
_00412_,6.48µm
_00415_,6.48µm
_00438_,6.48µm
_01755_,6.48µm
_03612_,6.48µm
_04073_,6.48µm
_01590_,6.47µm
_01500_,6.45µm
_02362_,6.45µm
_02807_,6.45µm
_03791_,6.44µm
_02303_,6.42µm
_04933_,6.42µm
_00335_,6.4µm
_00392_,6.4µm
_00514_,6.4µm
_00697_,6.4µm
_00979_,6.4µm
_01148_,6.4µm
_01722_,6.4µm
_02360_,6.4µm
_02396_,6.4µm
_02402_,6.4µm
_02553_,6.4µm
_02751_,6.4µm
_02842_,6.4µm
_02910_,6.4µm
_03070_,6.4µm
_03209_,6.4µm
_03340_,6.4µm
_04066_,6.4µm
_04229_,6.4µm
_04247_,6.4µm
_04486_,6.4µm
_04740_,6.4µm
_04929_,6.4µm
_04277_,6.395µm
_03075_,6.39µm
_01772_,6.38µm
_02996_,6.38µm
_03648_,6.38µm
_04345_,6.38µm
_04446_,6.375µm
_04004_,6.36µm
_00014_,6.33µm
_00107_,6.32µm
_01643_,6.32µm
_03739_,6.32µm
_04068_,6.32µm
_04518_,6.32µm
A[0],6.31µm
_01330_,6.3µm
_02425_,6.3µm
_02434_,6.3µm
_03530_,6.3µm
_03681_,6.3µm
_00103_,6.28µm
_00186_,6.28µm
_00207_,6.28µm
_00556_,6.28µm
_00712_,6.28µm
_00783_,6.28µm
_00889_,6.28µm
_01599_,6.28µm
_02097_,6.28µm
_02206_,6.28µm
_02337_,6.28µm
_02502_,6.28µm
_02833_,6.28µm
_02915_,6.28µm
_02938_,6.28µm
_03307_,6.28µm
_03625_,6.28µm
_03746_,6.28µm
_03892_,6.28µm
_04168_,6.28µm
_04177_,6.28µm
_04288_,6.28µm
_01166_,6.275µm
_00302_,6.26µm
_01001_,6.26µm
_01280_,6.26µm
_01376_,6.26µm
_01380_,6.26µm
_01466_,6.26µm
_01721_,6.26µm
_01953_,6.26µm
_03334_,6.26µm
_03656_,6.26µm
_04404_,6.26µm
_04435_,6.26µm
_04600_,6.26µm
_04675_,6.26µm
_04773_,6.26µm
_05164_,6.26µm
_02528_,6.24µm
_04542_,6.24µm
_03522_,6.235µm
_04946_,6.205µm
_00929_,6.2µm
_02439_,6.2µm
_02592_,6.2µm
_03282_,6.2µm
_03367_,6.2µm
_03577_,6.2µm
_04769_,6.2µm
_05268_,6.2µm
_00182_,6.18µm
_00770_,6.18µm
_00798_,6.18µm
_00848_,6.18µm
_01047_,6.18µm
_01056_,6.18µm
_01100_,6.18µm
_01544_,6.18µm
_01598_,6.18µm
_01612_,6.18µm
_02136_,6.18µm
_02543_,6.18µm
_03314_,6.18µm
_03734_,6.18µm
_04123_,6.18µm
_04611_,6.18µm
_04664_,6.18µm
_05007_,6.18µm
_05120_,6.18µm
_00127_,6.16µm
_00455_,6.16µm
_00595_,6.16µm
_00725_,6.16µm
_00836_,6.16µm
_00943_,6.16µm
_01182_,6.16µm
_02452_,6.16µm
_02794_,6.16µm
_03182_,6.16µm
_03478_,6.16µm
_03537_,6.16µm
_03539_,6.16µm
_04547_,6.16µm
_04548_,6.16µm
_01322_,6.14µm
_01360_,6.14µm
_02016_,6.14µm
_02335_,6.14µm
_03290_,6.14µm
_03374_,6.14µm
_03505_,6.14µm
_03874_,6.14µm
_04190_,6.14µm
_04337_,6.14µm
_04478_,6.14µm
_04732_,6.12µm
_02126_,6.095µm
A[9],6.09µm
B[24],6.09µm
B[27],6.09µm
B[28],6.09µm
C[40],6.09µm
_00604_,6.09µm
_00208_,6.08µm
_01033_,6.08µm
_01314_,6.08µm
_01344_,6.08µm
_01389_,6.08µm
_01908_,6.08µm
_04027_,6.08µm
_04593_,6.08µm
_04754_,6.08µm
_00266_,6.06µm
_00724_,6.06µm
_00903_,6.06µm
_01039_,6.06µm
_01143_,6.06µm
_01452_,6.06µm
_01719_,6.06µm
_01788_,6.06µm
_02076_,6.06µm
_02445_,6.06µm
_02481_,6.06µm
_02609_,6.06µm
_02942_,6.06µm
_03094_,6.06µm
_03635_,6.06µm
_04050_,6.06µm
_04256_,6.06µm
_04362_,6.06µm
_04442_,6.06µm
_04643_,6.06µm
net118,6.06µm
_01946_,6.05µm
_00860_,6.04µm
_02106_,6.04µm
_02369_,6.04µm
_03628_,6.04µm
_03830_,6.04µm
net137,6.04µm
_00202_,6.035µm
_00545_,6.02µm
_03461_,6.02µm
_03860_,6.02µm
_00549_,5.98µm
_04989_,5.98µm
A[18],5.97µm
C[3],5.97µm
_00515_,5.96µm
_00877_,5.96µm
_01545_,5.96µm
_01658_,5.96µm
_02116_,5.96µm
_04152_,5.95µm
_00138_,5.94µm
_00155_,5.94µm
_00271_,5.94µm
_00277_,5.94µm
_00523_,5.94µm
_00534_,5.94µm
_00972_,5.94µm
_01167_,5.94µm
_01270_,5.94µm
_01939_,5.94µm
_02043_,5.94µm
_02235_,5.94µm
_03483_,5.94µm
_03587_,5.94µm
_03639_,5.94µm
_03644_,5.94µm
_03672_,5.94µm
_03752_,5.94µm
_04499_,5.94µm
_04870_,5.94µm
_04907_,5.94µm
_03593_,5.93µm
_05094_,5.93µm
_05242_,5.93µm
_00429_,5.92µm
_02950_,5.92µm
_03488_,5.92µm
_03503_,5.92µm
_01638_,5.9µm
_02774_,5.9µm
_03451_,5.9µm
_00489_,5.86µm
_02323_,5.86µm
_04536_,5.86µm
_04537_,5.86µm
B[11],5.85µm
_00782_,5.84µm
_01016_,5.84µm
_02065_,5.84µm
_02394_,5.84µm
_02861_,5.84µm
_03283_,5.84µm
_03288_,5.84µm
_03342_,5.84µm
_03573_,5.84µm
_03749_,5.84µm
_04218_,5.84µm
_04704_,5.84µm
_04988_,5.84µm
_05090_,5.84µm
_05180_,5.84µm
_00072_,5.82µm
_00073_,5.82µm
_00364_,5.82µm
_00411_,5.82µm
_00524_,5.82µm
_00667_,5.82µm
_00815_,5.82µm
_00870_,5.82µm
_01247_,5.82µm
_01351_,5.82µm
_01371_,5.82µm
_01477_,5.82µm
_01530_,5.82µm
_01743_,5.82µm
_01801_,5.82µm
_02054_,5.82µm
_02483_,5.82µm
_02603_,5.82µm
_02918_,5.82µm
_03041_,5.82µm
_03450_,5.82µm
_03570_,5.82µm
_03747_,5.82µm
_04081_,5.82µm
_04881_,5.82µm
_04921_,5.82µm
_05016_,5.82µm
_05278_,5.82µm
_05295_,5.82µm
_04656_,5.815µm
_00059_,5.8µm
_00180_,5.8µm
_00223_,5.8µm
_00629_,5.8µm
_00719_,5.8µm
_01476_,5.8µm
_01547_,5.8µm
_01759_,5.8µm
_01828_,5.8µm
_01874_,5.8µm
_02010_,5.8µm
_02785_,5.8µm
_03371_,5.8µm
_03463_,5.8µm
_03466_,5.8µm
_03957_,5.8µm
_03972_,5.8µm
_04560_,5.8µm
_04563_,5.8µm
_04601_,5.8µm
_04646_,5.8µm
_04702_,5.8µm
_04969_,5.8µm
_05182_,5.77µm
C[20],5.75µm
C[39],5.75µm
_00094_,5.74µm
_00198_,5.74µm
_00206_,5.74µm
_01472_,5.74µm
_01715_,5.74µm
_01780_,5.74µm
_02443_,5.74µm
_02699_,5.74µm
_02860_,5.74µm
_03514_,5.74µm
_03699_,5.74µm
_04527_,5.74µm
_04942_,5.74µm
_05207_,5.74µm
_05273_,5.74µm
_05288_,5.74µm
_00317_,5.72µm
_00362_,5.72µm
_00828_,5.72µm
_00926_,5.72µm
_01234_,5.72µm
_01296_,5.72µm
_02299_,5.72µm
_02460_,5.72µm
_02473_,5.72µm
_02575_,5.72µm
_02745_,5.72µm
_03743_,5.72µm
_03921_,5.72µm
_03960_,5.72µm
_04609_,5.72µm
_04765_,5.72µm
_04848_,5.72µm
_00033_,5.7µm
_00446_,5.7µm
_00570_,5.7µm
_00858_,5.7µm
_00884_,5.7µm
_01192_,5.7µm
_01343_,5.7µm
_01537_,5.7µm
_01695_,5.7µm
_02133_,5.7µm
_00611_,5.68µm
_01306_,5.68µm
_01528_,5.68µm
_01813_,5.68µm
_02015_,5.68µm
_02024_,5.68µm
_02542_,5.68µm
_02580_,5.68µm
_02768_,5.68µm
_03023_,5.68µm
_03372_,5.68µm
_03407_,5.68µm
_03964_,5.68µm
_04045_,5.68µm
_04178_,5.68µm
_04400_,5.68µm
_04636_,5.68µm
_05230_,5.68µm
net121,5.68µm
net146,5.67µm
_04210_,5.66µm
B[16],5.65µm
A[12],5.63µm
A[17],5.63µm
B[14],5.63µm
_03211_,5.63µm
_02912_,5.62µm
_03550_,5.62µm
_04199_,5.62µm
_05133_,5.61µm
_00187_,5.6µm
_00664_,5.6µm
_01315_,5.6µm
_01480_,5.6µm
_01592_,5.6µm
_01654_,5.6µm
_01944_,5.6µm
_02169_,5.6µm
_02914_,5.6µm
_03552_,5.6µm
_03989_,5.6µm
_04102_,5.6µm
_04185_,5.6µm
_04236_,5.6µm
_04460_,5.6µm
_04853_,5.6µm
_04964_,5.6µm
_02031_,5.585µm
_02657_,5.58µm
_03797_,5.58µm
_04351_,5.58µm
_00181_,5.56µm
_01102_,5.56µm
_02355_,5.56µm
_03867_,5.56µm
C[44],5.53µm
_04163_,5.52µm
B[8],5.51µm
_01137_,5.5µm
_01984_,5.49µm
_04590_,5.49µm
_00035_,5.48µm
_00104_,5.48µm
_00196_,5.48µm
_00229_,5.48µm
_00315_,5.48µm
_00445_,5.48µm
_00644_,5.48µm
_00998_,5.48µm
_01230_,5.48µm
_01447_,5.48µm
_01659_,5.48µm
_01773_,5.48µm
_02176_,5.48µm
_02216_,5.48µm
_02608_,5.48µm
_02933_,5.48µm
_03168_,5.48µm
_04147_,5.48µm
_04397_,5.48µm
_04411_,5.48µm
_04713_,5.48µm
_04775_,5.48µm
_04915_,5.48µm
_04919_,5.48µm
_04944_,5.48µm
_02081_,5.46µm
_02588_,5.46µm
_00490_,5.44µm
_03308_,5.44µm
B[26],5.41µm
B[29],5.41µm
B[31],5.41µm
_00145_,5.4µm
_00237_,5.4µm
_01616_,5.4µm
_01876_,5.4µm
_02419_,5.4µm
_02573_,5.4µm
_03848_,5.4µm
_04544_,5.4µm
_04604_,5.4µm
_00306_,5.38µm
_00746_,5.38µm
_01436_,5.38µm
_02522_,5.38µm
_02796_,5.38µm
_03208_,5.38µm
_04054_,5.38µm
_04156_,5.38µm
_04383_,5.38µm
_04434_,5.38µm
_04860_,5.38µm
_05280_,5.38µm
_00736_,5.36µm
_00793_,5.36µm
_00826_,5.36µm
_00980_,5.36µm
_00981_,5.36µm
_00986_,5.36µm
_01134_,5.36µm
_01168_,5.36µm
_01412_,5.36µm
_02869_,5.36µm
_03017_,5.36µm
_03175_,5.36µm
_03216_,5.36µm
_03962_,5.36µm
_04809_,5.36µm
_04922_,5.36µm
_05042_,5.36µm
_05206_,5.36µm
_02743_,5.355µm
_00571_,5.34µm
_00833_,5.34µm
_00927_,5.34µm
_01180_,5.34µm
_02067_,5.34µm
_02662_,5.34µm
_02837_,5.34µm
_03170_,5.34µm
_03323_,5.34µm
_04316_,5.34µm
_04514_,5.34µm
_04971_,5.34µm
_05167_,5.34µm
_04725_,5.32µm
_03712_,5.31µm
A[10],5.29µm
C[23],5.29µm
_00963_,5.285µm
_03879_,5.285µm
_01139_,5.28µm
_01433_,5.28µm
_01900_,5.28µm
_02055_,5.28µm
_03081_,5.28µm
_03652_,5.28µm
_03968_,5.28µm
_03995_,5.28µm
_04569_,5.28µm
_04720_,5.28µm
_04752_,5.28µm
_05193_,5.28µm
_00105_,5.26µm
_00855_,5.26µm
_01086_,5.26µm
_01214_,5.26µm
_01408_,5.26µm
_01660_,5.26µm
_01734_,5.26µm
_02167_,5.26µm
_02358_,5.26µm
_02975_,5.26µm
_02989_,5.26µm
_03418_,5.26µm
_03419_,5.26µm
_03435_,5.26µm
_03557_,5.26µm
_03775_,5.26µm
_03997_,5.26µm
_04111_,5.26µm
_04129_,5.26µm
_04248_,5.26µm
_04727_,5.26µm
_04756_,5.26µm
_04800_,5.26µm
_04937_,5.26µm
_05297_,5.26µm
_02937_,5.24µm
_04382_,5.24µm
_04438_,5.24µm
_04645_,5.24µm
_00074_,5.22µm
_00825_,5.22µm
_01397_,5.22µm
_01647_,5.22µm
_02979_,5.22µm
_03027_,5.22µm
_03044_,5.22µm
_03203_,5.22µm
_03383_,5.22µm
_03702_,5.22µm
_04412_,5.22µm
_04466_,5.22µm
_04651_,5.22µm
_04879_,5.22µm
_00579_,5.16µm
_03189_,5.16µm
_03433_,5.16µm
_04151_,5.16µm
C[38],5.15µm
_04566_,5.15µm
_00219_,5.14µm
_00484_,5.14µm
_00495_,5.14µm
_00639_,5.14µm
_00678_,5.14µm
_01187_,5.14µm
_01271_,5.14µm
_01381_,5.14µm
_01629_,5.14µm
_01701_,5.14µm
_01746_,5.14µm
_01987_,5.14µm
_02168_,5.14µm
_02332_,5.14µm
_02468_,5.14µm
_02710_,5.14µm
_02744_,5.14µm
_03169_,5.14µm
_03335_,5.14µm
_03604_,5.14µm
_03859_,5.14µm
_04014_,5.14µm
_04079_,5.14µm
_04192_,5.14µm
_04441_,5.14µm
_04467_,5.14µm
_04638_,5.14µm
_05056_,5.14µm
_05099_,5.14µm
net122,5.14µm
_00380_,5.12µm
_02354_,5.12µm
_02561_,5.12µm
_03969_,5.12µm
_04268_,5.12µm
_04523_,5.12µm
_00395_,5.115µm
_00134_,5.1µm
_00224_,5.1µm
A[13],5.07µm
C[22],5.07µm
C[41],5.07µm
_05267_,5.06µm
_04852_,5.05µm
_01245_,5.04µm
_01940_,5.04µm
_05201_,5.025µm
_00054_,5.02µm
_00294_,5.02µm
_00531_,5.02µm
_00784_,5.02µm
_00978_,5.02µm
_01014_,5.02µm
_01388_,5.02µm
_01839_,5.02µm
_02140_,5.02µm
_02777_,5.02µm
_03375_,5.02µm
_03724_,5.02µm
_03899_,5.02µm
_04166_,5.02µm
_04176_,5.02µm
_04777_,5.02µm
_04803_,5.02µm
_01000_,5µm
_02836_,5µm
_05215_,5µm
B[25],4.95µm
B[30],4.95µm
B[9],4.95µm
C[25],4.95µm
_02156_,4.94µm
_03338_,4.94µm
_03711_,4.94µm
_03781_,4.94µm
_04107_,4.94µm
_04691_,4.94µm
_05187_,4.94µm
_05198_,4.94µm
_00213_,4.92µm
_01439_,4.92µm
_03472_,4.92µm
_03847_,4.92µm
net100,4.92µm
_04731_,4.91µm
_01163_,4.905µm
_00240_,4.9µm
_00292_,4.9µm
_00360_,4.9µm
_00835_,4.9µm
_01004_,4.9µm
_01302_,4.9µm
_01337_,4.9µm
_01455_,4.9µm
_01549_,4.9µm
_01661_,4.9µm
_01760_,4.9µm
_01844_,4.9µm
_02237_,4.9µm
_02404_,4.9µm
_02958_,4.9µm
_02982_,4.9µm
_03541_,4.9µm
_03771_,4.9µm
_03870_,4.9µm
_03963_,4.9µm
_04140_,4.9µm
_04249_,4.9µm
_04299_,4.9µm
_04323_,4.9µm
_04836_,4.9µm
_04927_,4.9µm
_00460_,4.88µm
_00673_,4.88µm
_00834_,4.88µm
_00842_,4.88µm
_01003_,4.88µm
_01072_,4.88µm
_02039_,4.88µm
_02378_,4.88µm
_02514_,4.88µm
_03670_,4.88µm
_03674_,4.88µm
_03913_,4.88µm
_04078_,4.88µm
_04586_,4.88µm
_04824_,4.88µm
_04869_,4.88µm
C[43],4.85µm
_00462_,4.82µm
_00938_,4.82µm
_00954_,4.82µm
_01951_,4.82µm
_02922_,4.82µm
_02969_,4.82µm
_04284_,4.82µm
_04734_,4.82µm
_00326_,4.8µm
_00327_,4.8µm
_00931_,4.8µm
_01103_,4.8µm
_01156_,4.8µm
_01532_,4.8µm
_01581_,4.8µm
_01687_,4.8µm
_01787_,4.8µm
_02019_,4.8µm
_02225_,4.8µm
_02325_,4.8µm
_02519_,4.8µm
_02709_,4.8µm
_02753_,4.8µm
_02978_,4.8µm
_03082_,4.8µm
_03278_,4.8µm
_03388_,4.8µm
_03578_,4.8µm
_03769_,4.8µm
_03986_,4.8µm
_04243_,4.8µm
_04290_,4.8µm
_04301_,4.8µm
_04415_,4.8µm
_04463_,4.8µm
_04468_,4.8µm
_04491_,4.8µm
_04578_,4.8µm
_05163_,4.8µm
_00099_,4.785µm
_00443_,4.78µm
_03622_,4.78µm
_03778_,4.78µm
_04381_,4.78µm
_04587_,4.78µm
_04719_,4.78µm
_05128_,4.78µm
_00837_,4.76µm
_01007_,4.76µm
_02524_,4.76µm
_02968_,4.76µm
_03055_,4.76µm
_03798_,4.76µm
_04171_,4.76µm
_04513_,4.76µm
_04567_,4.76µm
_05048_,4.76µm
_05063_,4.76µm
_05166_,4.76µm
_01117_,4.7µm
_02253_,4.7µm
_02948_,4.7µm
_03866_,4.7µm
_05258_,4.685µm
_00135_,4.68µm
_00636_,4.68µm
_00675_,4.68µm
_00808_,4.68µm
_01251_,4.68µm
_01609_,4.68µm
_01723_,4.68µm
_01767_,4.68µm
_01873_,4.68µm
_02052_,4.68µm
_02312_,4.68µm
_02447_,4.68µm
_03301_,4.68µm
_04558_,4.68µm
_04580_,4.68µm
_04610_,4.68µm
net119,4.68µm
_04703_,4.66µm
_05240_,4.66µm
_03200_,4.64µm
_00504_,4.635µm
A[15],4.61µm
A[16],4.61µm
A[8],4.61µm
C[12],4.61µm
C[15],4.61µm
C[24],4.61µm
_01144_,4.6µm
_03677_,4.6µm
_02682_,4.58µm
_04307_,4.565µm
_00288_,4.56µm
_01634_,4.56µm
_01711_,4.56µm
_01989_,4.56µm
_02102_,4.56µm
_02219_,4.56µm
_02857_,4.56µm
_03341_,4.56µm
_03456_,4.56µm
_03462_,4.56µm
_03574_,4.56µm
_03785_,4.56µm
_03941_,4.56µm
_04205_,4.56µm
_04228_,4.56µm
_04355_,4.56µm
_04389_,4.56µm
_04529_,4.56µm
_04658_,4.56µm
_05159_,4.56µm
_05203_,4.56µm
_05296_,4.56µm
_04298_,4.54µm
_00757_,4.53µm
_04352_,4.5µm
B[12],4.49µm
_00076_,4.48µm
_00293_,4.48µm
_02085_,4.48µm
_03256_,4.48µm
_03296_,4.48µm
_04395_,4.48µm
_04526_,4.48µm
_05124_,4.48µm
_00132_,4.46µm
_00177_,4.46µm
_00386_,4.46µm
_00721_,4.46µm
_01740_,4.46µm
_01802_,4.46µm
_02047_,4.46µm
_02295_,4.46µm
_02562_,4.46µm
_02799_,4.46µm
_03393_,4.46µm
_03437_,4.46µm
_03636_,4.46µm
_04384_,4.46µm
_04654_,4.46µm
_04978_,4.46µm
_05047_,4.46µm
_05209_,4.46µm
_00322_,4.445µm
_00077_,4.44µm
_00554_,4.44µm
_00937_,4.44µm
_00941_,4.44µm
_01305_,4.44µm
_01426_,4.44µm
_01895_,4.44µm
_02293_,4.44µm
_02650_,4.44µm
_02717_,4.44µm
_03647_,4.44µm
_03787_,4.44µm
_03819_,4.44µm
_04768_,4.44µm
_04831_,4.44µm
_05022_,4.44µm
_05074_,4.44µm
_00417_,4.42µm
_01628_,4.42µm
_04206_,4.42µm
C[16],4.39µm
C[17],4.39µm
C[46],4.39µm
_00576_,4.36µm
_03286_,4.36µm
_03996_,4.36µm
_04608_,4.36µm
_04633_,4.36µm
_00158_,4.34µm
_00439_,4.34µm
_00547_,4.34µm
_00722_,4.34µm
_00795_,4.34µm
_01274_,4.34µm
_01432_,4.34µm
_01749_,4.34µm
_01819_,4.34µm
_02131_,4.34µm
_02172_,4.34µm
_02418_,4.34µm
_02527_,4.34µm
_02621_,4.34µm
_02678_,4.34µm
_02737_,4.34µm
_03158_,4.34µm
_03761_,4.34µm
_03800_,4.34µm
_03862_,4.34µm
_03961_,4.34µm
_04364_,4.34µm
_04483_,4.34µm
_04507_,4.34µm
_04519_,4.34µm
_04618_,4.34µm
_04641_,4.34µm
_04889_,4.34µm
net149,4.34µm
_03828_,4.335µm
_04127_,4.32µm
_04416_,4.32µm
_00200_,4.315µm
A[14],4.27µm
B[10],4.27µm
B[15],4.27µm
C[14],4.27µm
C[1],4.27µm
C[27],4.27µm
C[2],4.27µm
_01010_,4.25µm
_01437_,4.24µm
_02366_,4.24µm
_03568_,4.24µm
_03991_,4.24µm
_00839_,4.22µm
_01092_,4.22µm
_01232_,4.22µm
_01301_,4.22µm
_01378_,4.22µm
_01387_,4.22µm
_01419_,4.22µm
_01539_,4.22µm
_01641_,4.22µm
_01816_,4.22µm
_02117_,4.22µm
_02193_,4.22µm
_02273_,4.22µm
_02756_,4.22µm
_02862_,4.22µm
_03222_,4.22µm
_03345_,4.22µm
_03640_,4.22µm
_03858_,4.22µm
_03907_,4.22µm
_04344_,4.22µm
_04430_,4.22µm
_04694_,4.22µm
_05085_,4.22µm
net117,4.22µm
_00925_,4.16µm
_00328_,4.14µm
_00381_,4.14µm
_00949_,4.14µm
_02586_,4.14µm
_02784_,4.14µm
_03155_,4.14µm
_00807_,4.12µm
_01896_,4.12µm
_05298_,4.105µm
_00779_,4.1µm
_00960_,4.1µm
_02160_,4.1µm
_04975_,4.1µm
_05023_,4.1µm
_01395_,4.08µm
_01779_,4.08µm
_04230_,4.08µm
_02635_,4.075µm
_00297_,4.04µm
_00671_,4.02µm
_02428_,4.02µm
_02810_,4.02µm
_03402_,4.02µm
_04459_,4.02µm
_04550_,4.02µm
_04648_,4.02µm
_05083_,4.02µm
_00037_,4µm
_00079_,4µm
_00367_,4µm
_00389_,4µm
_00730_,4µm
_01685_,4µm
_01782_,4µm
_01822_,4µm
_01875_,4µm
_01910_,4µm
_01921_,4µm
_02000_,4µm
_02092_,4µm
_02697_,4µm
_02762_,4µm
_02782_,4µm
_03244_,4µm
_03470_,4µm
_03567_,4µm
_04142_,4µm
_04328_,4µm
_04748_,4µm
_04847_,4µm
_05214_,4µm
_01287_,3.99µm
_00296_,3.98µm
_02096_,3.98µm
_02581_,3.98µm
_03037_,3.98µm
net633,3.98µm
C[0],3.93µm
C[13],3.93µm
C[18],3.93µm
C[26],3.93µm
C[4],3.93µm
_02099_,3.9µm
_02390_,3.9µm
_04751_,3.9µm
_05037_,3.9µm
_00028_,3.88µm
_00058_,3.88µm
_00257_,3.88µm
_00299_,3.88µm
_00410_,3.88µm
_00711_,3.88µm
_00868_,3.88µm
_00970_,3.88µm
_01448_,3.88µm
_01456_,3.88µm
_01621_,3.88µm
_01705_,3.88µm
_01866_,3.88µm
_02062_,3.88µm
_02162_,3.88µm
_02210_,3.88µm
_02347_,3.88µm
_02596_,3.88µm
_02677_,3.88µm
_02883_,3.88µm
_02955_,3.88µm
_03190_,3.88µm
_03985_,3.88µm
_04367_,3.88µm
_04532_,3.88µm
_04543_,3.88µm
_04562_,3.88µm
_04623_,3.88µm
_04810_,3.88µm
_04821_,3.88µm
net116,3.88µm
net148,3.88µm
_02174_,3.84µm
B[17],3.81µm
_01286_,3.78µm
_02622_,3.78µm
_00020_,3.76µm
_01101_,3.76µm
_01463_,3.76µm
_01540_,3.76µm
_01932_,3.76µm
_02143_,3.76µm
_02203_,3.76µm
_02300_,3.76µm
_02476_,3.76µm
_03274_,3.76µm
_04051_,3.76µm
_02163_,3.72µm
_00615_,3.68µm
_01526_,3.68µm
_02374_,3.68µm
_04473_,3.68µm
_00151_,3.66µm
_01724_,3.66µm
_03792_,3.66µm
_05300_,3.645µm
_00710_,3.64µm
_01175_,3.64µm
_01219_,3.64µm
_02144_,3.64µm
_02256_,3.64µm
_02422_,3.64µm
_04763_,3.64µm
_05069_,3.64µm
_05269_,3.64µm
_02238_,3.635µm
_05238_,3.6µm
_02841_,3.56µm
_03794_,3.56µm
_04039_,3.56µm
_04574_,3.56µm
_00214_,3.54µm
_00261_,3.54µm
_00625_,3.54µm
_00641_,3.54µm
_00919_,3.54µm
_00971_,3.54µm
_01071_,3.54µm
_01136_,3.54µm
_01806_,3.54µm
_01815_,3.54µm
_01954_,3.54µm
_02463_,3.54µm
_02672_,3.54µm
_02746_,3.54µm
_02874_,3.54µm
_02994_,3.54µm
_03394_,3.54µm
_04056_,3.54µm
_04086_,3.54µm
_04114_,3.54µm
_04132_,3.54µm
_04603_,3.54µm
_04640_,3.54µm
net104,3.54µm
_00147_,3.52µm
_00596_,3.52µm
_00647_,3.52µm
_01128_,3.52µm
_02565_,3.52µm
_03223_,3.52µm
_04589_,3.52µm
_04010_,3.5µm
_01992_,3.48µm
B[13],3.47µm
_02703_,3.44µm
_03010_,3.44µm
_04849_,3.44µm
_04857_,3.44µm
_05266_,3.44µm
_00325_,3.42µm
_00805_,3.42µm
_00878_,3.42µm
_00928_,3.42µm
_00958_,3.42µm
_00988_,3.42µm
_01133_,3.42µm
_01158_,3.42µm
_01323_,3.42µm
_01645_,3.42µm
_01820_,3.42µm
_01899_,3.42µm
_02025_,3.42µm
_02132_,3.42µm
_02769_,3.42µm
_02832_,3.42µm
_03258_,3.42µm
_03330_,3.42µm
_03629_,3.42µm
_04313_,3.42µm
_04680_,3.42µm
_04790_,3.42µm
_04817_,3.42µm
_04903_,3.42µm
_05255_,3.42µm
_03001_,3.4µm
_00272_,3.32µm
_00643_,3.3µm
_00804_,3.3µm
_03137_,3.3µm
_04260_,3.3µm
_04289_,3.3µm
_04407_,3.3µm
_04628_,3.3µm
_01761_,3.22µm
_02119_,3.22µm
_04239_,3.22µm
_04818_,3.22µm
_02638_,3.21µm
_00373_,3.2µm
_01717_,3.18µm
_01791_,3.18µm
_04484_,3.18µm
_04990_,3.18µm
_05000_,3.18µm
_00502_,3.175µm
_01293_,3.1µm
_01574_,3.1µm
_01786_,3.1µm
_02135_,3.1µm
_02149_,3.1µm
_02218_,3.1µm
_02326_,3.1µm
_02334_,3.1µm
_02467_,3.1µm
_02533_,3.1µm
_02669_,3.1µm
_03270_,3.1µm
_03454_,3.1µm
_03943_,3.1µm
_04697_,3.1µm
_00688_,3.08µm
_01023_,3.08µm
_01268_,3.08µm
_01713_,3.08µm
_01817_,3.08µm
_01960_,3.08µm
_02093_,3.08µm
_02154_,3.08µm
_02426_,3.08µm
_02518_,3.08µm
_02797_,3.08µm
_03144_,3.08µm
_03227_,3.08µm
_03262_,3.08µm
_03413_,3.08µm
_03696_,3.08µm
_03951_,3.08µm
_04222_,3.08µm
_04292_,3.08µm
_04319_,3.08µm
_04594_,3.08µm
_04787_,3.08µm
_04828_,3.08µm
_05087_,3.08µm
_05275_,3.08µm
_00510_,3.04µm
_00548_,2.98µm
_00633_,2.98µm
_02999_,2.98µm
_03069_,2.98µm
_03850_,2.98µm
_03888_,2.98µm
_04428_,2.98µm
_00796_,2.96µm
_00822_,2.96µm
_01050_,2.96µm
_01524_,2.96µm
_01543_,2.96µm
_01922_,2.96µm
_01979_,2.96µm
_02252_,2.96µm
_02338_,2.96µm
_02547_,2.96µm
_02551_,2.96µm
_02583_,2.96µm
_02627_,2.96µm
_02932_,2.96µm
_03269_,2.96µm
_03741_,2.96µm
_03887_,2.96µm
_03952_,2.96µm
_04335_,2.96µm
_04359_,2.96µm
_04854_,2.96µm
net105,2.96µm
net142,2.96µm
net147,2.96µm
_01945_,2.91µm
_03392_,2.86µm
_04718_,2.86µm
_00516_,2.84µm
_02029_,2.84µm
_02259_,2.84µm
_02579_,2.84µm
_04023_,2.84µm
_04388_,2.84µm
net123,2.84µm
_00262_,2.76µm
_01449_,2.76µm
_02068_,2.76µm
_02138_,2.76µm
_03872_,2.76µm
_04861_,2.76µm
_02451_,2.74µm
_02496_,2.74µm
net79,2.72µm
_00156_,2.64µm
_01446_,2.64µm
_01916_,2.64µm
_02855_,2.64µm
_02988_,2.64µm
_03291_,2.64µm
_03523_,2.64µm
_04521_,2.64µm
_04799_,2.64µm
_00096_,2.62µm
_00143_,2.62µm
_00251_,2.62µm
_00769_,2.62µm
_00789_,2.62µm
_00944_,2.62µm
_01571_,2.62µm
_01606_,2.62µm
_01739_,2.62µm
_02198_,2.62µm
_02469_,2.62µm
_02531_,2.62µm
_02893_,2.62µm
_02904_,2.62µm
_02929_,2.62µm
_03159_,2.62µm
_03579_,2.62µm
_03846_,2.62µm
_04119_,2.62µm
_04492_,2.62µm
_04551_,2.62µm
_04671_,2.62µm
_04837_,2.62µm
_05165_,2.62µm
_00790_,2.52µm
_01372_,2.52µm
net151,2.52µm
_00042_,2.5µm
_01527_,2.5µm
_02166_,2.5µm
_02440_,2.5µm
_02597_,2.5µm
_02845_,2.5µm
_03302_,2.5µm
_03353_,2.5µm
_03406_,2.5µm
_03630_,2.5µm
_03773_,2.5µm
_03891_,2.5µm
_04143_,2.5µm
_04153_,2.5µm
_04330_,2.5µm
_04399_,2.5µm
_04485_,2.5µm
_04512_,2.5µm
_04565_,2.5µm
_04980_,2.5µm
_05002_,2.5µm
_05200_,2.5µm
net73,2.5µm
net78,2.5µm
net102,2.5µm
net103,2.5µm
net124,2.5µm
net132,2.5µm
_02510_,2.38µm
_05155_,2.38µm
net72,2.38µm
net77,2.38µm
_00056_,2.3µm
_00148_,2.3µm
_00318_,2.3µm
_00419_,2.3µm
_00646_,2.3µm
_00689_,2.3µm
_01273_,2.3µm
_01384_,2.3µm
_01410_,2.3µm
_01710_,2.3µm
_01923_,2.3µm
_02263_,2.3µm
_02429_,2.3µm
_02554_,2.3µm
_02628_,2.3µm
_02800_,2.3µm
_02906_,2.3µm
_03076_,2.3µm
_03133_,2.3µm
_03215_,2.3µm
_03281_,2.3µm
_03762_,2.3µm
_03965_,2.3µm
_04387_,2.3µm
_04402_,2.3µm
_04663_,2.3µm
_04667_,2.3µm
_04738_,2.3µm
_04845_,2.3µm
_04945_,2.3µm
_05061_,2.3µm
_01415_,2.28µm
_02388_,2.28µm
_03176_,2.28µm
_03212_,2.28µm
_03753_,2.28µm
_01377_,2.24µm
_01319_,2.18µm
_01398_,2.18µm
_03207_,2.18µm
_03728_,2.18µm
_04169_,2.18µm
_04235_,2.18µm
_04783_,2.18µm
_05079_,2.18µm
_05113_,2.18µm
net71,2.18µm
_00451_,2.16µm
_00506_,2.16µm
_00537_,2.16µm
_00637_,2.16µm
_00740_,2.16µm
_00893_,2.16µm
_01170_,2.16µm
_01575_,2.16µm
_01614_,2.16µm
_01694_,2.16µm
_01704_,2.16µm
_01738_,2.16µm
_01909_,2.16µm
_01961_,2.16µm
_01995_,2.16µm
_02061_,2.16µm
_02089_,2.16µm
_02202_,2.16µm
_02224_,2.16µm
_02386_,2.16µm
_02998_,2.16µm
_03072_,2.16µm
_03526_,2.16µm
_03581_,2.16µm
_03873_,2.16µm
_03975_,2.16µm
_04251_,2.16µm
_04252_,2.16µm
_04324_,2.16µm
_04422_,2.16µm
_04498_,2.16µm
_04659_,2.16µm
_04669_,2.16µm
_04715_,2.16µm
_04726_,2.16µm
_04816_,2.16µm
_04923_,2.16µm
_04951_,2.16µm
_04997_,2.16µm
_05082_,2.16µm
_05152_,2.16µm
_05156_,2.16µm
_05161_,2.16µm
_05178_,2.16µm
_02231_,2.06µm
_03266_,2.06µm
_04614_,2.06µm
_04918_,2.06µm
_00394_,2.04µm
_00577_,2.04µm
_00953_,2.04µm
_01114_,2.04µm
_01215_,2.04µm
_01259_,2.04µm
_01409_,2.04µm
_01483_,2.04µm
_01789_,2.04µm
_01888_,2.04µm
_02192_,2.04µm
_02397_,2.04µm
_02828_,2.04µm
_03398_,2.04µm
_03519_,2.04µm
_03687_,2.04µm
_04517_,2.04µm
_04538_,2.04µm
_04597_,2.04µm
_04705_,2.04µm
_04710_,2.04µm
_04913_,2.04µm
_05008_,2.04µm
_05171_,2.04µm
net101,2.04µm
net133,2.04µm
net157,2.04µm
_01650_,2.02µm
_04226_,1.94µm
_00370_,1.84µm
_00447_,1.84µm
_01750_,1.84µm
_02100_,1.84µm
_02111_,1.84µm
_03150_,1.84µm
_04454_,1.84µm
_04505_,1.84µm
_04617_,1.84µm
_05027_,1.84µm
_00518_,1.82µm
_00659_,1.82µm
_00811_,1.82µm
_04161_,1.82µm
_00530_,1.72µm
_01142_,1.72µm
_01508_,1.72µm
_02248_,1.72µm
_02262_,1.72µm
_02585_,1.72µm
_02899_,1.72µm
_03264_,1.72µm
_03513_,1.72µm
_04172_,1.72µm
_00030_,1.7µm
_00442_,1.7µm
_00583_,1.7µm
_00809_,1.7µm
_00861_,1.7µm
_00871_,1.7µm
_01291_,1.7µm
_01611_,1.7µm
_01664_,1.7µm
_01882_,1.7µm
_01885_,1.7µm
_02228_,1.7µm
_02274_,1.7µm
_02294_,1.7µm
_02342_,1.7µm
_02787_,1.7µm
_02943_,1.7µm
_03132_,1.7µm
_03535_,1.7µm
_03641_,1.7µm
_03908_,1.7µm
_04074_,1.7µm
_04386_,1.7µm
_04771_,1.7µm
_04802_,1.7µm
_05068_,1.7µm
net75,1.7µm
net106,1.7µm
net150,1.7µm
net156,1.7µm
_01478_,1.65µm
_01211_,1.6µm
_00267_,1.38µm
_00274_,1.38µm
_00511_,1.38µm
_01421_,1.38µm
_01586_,1.38µm
_02302_,1.38µm
_02319_,1.38µm
_02471_,1.38µm
_02610_,1.38µm
_03038_,1.38µm
_03123_,1.38µm
_03524_,1.38µm
_04254_,1.38µm
_04425_,1.38µm
_04909_,1.38µm
_05088_,1.38µm
_05257_,1.38µm
_00140_,1.26µm
_00265_,1.26µm
_00909_,1.26µm
_01325_,1.26µm
_02199_,1.26µm
_02361_,1.26µm
_02679_,1.26µm
_04477_,1.26µm
_04577_,1.26µm
_04859_,1.26µm
_04986_,1.26µm
_05151_,1.26µm
net155,1.19µm
_04426_,1.15µm
_00935_,1.14µm
_01098_,1.14µm
_03449_,1.14µm
_04685_,1.14µm
net80,1.14µm
_00913_,0.92µm
_00916_,0.92µm
_01642_,0.92µm
_01934_,0.92µm
_01990_,0.92µm
_02757_,0.92µm
_04232_,0.92µm
_04509_,0.92µm
_04797_,0.92µm
_05237_,0.92µm
_03572_,0.8µm
_03678_,0.8µm
_04122_,0.8µm
_05246_,0.8µm
_00487_,0.46µm
_01742_,0.46µm
_02711_,0.46µm
_04303_,0.46µm
_04832_,0.46µm
_05076_,0.46µm
